itemid,label,fluid,category
50801,Alveolar-arterial Gradient,Blood,Blood Gas
50802,Base Excess,Blood,Blood Gas
50803,"Calculated Bicarbonate, Whole Blood",Blood,Blood Gas
50804,Calculated Total CO2,Blood,Blood Gas
50805,Carboxyhemoglobin,Blood,Blood Gas
50806,"Chloride, Whole Blood",Blood,Blood Gas
50808,Free Calcium,Blood,Blood Gas
50809,Glucose,Blood,Blood Gas
50810,"Hematocrit, Calculated",Blood,Blood Gas
50811,Hemoglobin,Blood,Blood Gas
50812,Intubated,Blood,Blood Gas
50813,Lactate,Blood,Blood Gas
50814,Methemoglobin,Blood,Blood Gas
50815,O2 Flow,Blood,Blood Gas
50816,Oxygen,Blood,Blood Gas
50817,Oxygen Saturation,Blood,Blood Gas
50818,pCO2,Blood,Blood Gas
50819,PEEP,Blood,Blood Gas
50820,pH,Blood,Blood Gas
50821,pO2,Blood,Blood Gas
50822,"Potassium, Whole Blood",Blood,Blood Gas
50823,Required O2,Blood,Blood Gas
50824,"Sodium, Whole Blood",Blood,Blood Gas
50825,Temperature,Blood,Blood Gas
50826,Tidal Volume,Blood,Blood Gas
50827,Ventilation Rate,Blood,Blood Gas
50828,Ventilator,Blood,Blood Gas
50829,Fluid Type,Other Body Fluid,Blood Gas
50830,"pCO2, Body Fluid",Other Body Fluid,Blood Gas
50831,pH,Other Body Fluid,Blood Gas
50832,"pO2, Body Fluid",Other Body Fluid,Blood Gas
50833,Potassium,Other Body Fluid,Blood Gas
50834,"Sodium, Body Fluid",Other Body Fluid,Blood Gas
50835,"Albumin, Ascites",Ascites,Chemistry
50836,"Amylase, Ascites",Ascites,Chemistry
50837,"Bicarbonate, Ascites",Ascites,Chemistry
50838,"Bilirubin, Total, Ascites",Ascites,Chemistry
50839,"Chloride, Ascites",Ascites,Chemistry
50840,"Cholesterol, Ascites",Ascites,Chemistry
50841,"Creatinine, Ascites",Ascites,Chemistry
50842,"Glucose, Ascites",Ascites,Chemistry
50843,"Lactate Dehydrogenase, Ascites",Ascites,Chemistry
50844,"Lipase, Ascites",Ascites,Chemistry
50845,"Miscellaneous, Ascites",Ascites,Chemistry
50846,"Osmolality, Ascites",Ascites,Chemistry
50847,"Potassium, Ascites",Ascites,Chemistry
50848,"Sodium, Ascites",Ascites,Chemistry
50849,"Total Protein, Ascites",Ascites,Chemistry
50850,"Triglycerides, Ascites",Ascites,Chemistry
50851,"Urea Nitrogen, Ascites",Ascites,Chemistry
50852,% Hemoglobin A1c,Blood,Chemistry
50853,25-OH Vitamin D,Blood,Chemistry
50854,Absolute A1c,Blood,Chemistry
50855,Absolute Hemoglobin,Blood,Chemistry
50856,Acetaminophen,Blood,Chemistry
50857,Acetone,Blood,Chemistry
50858,Acid Phosphatase,Blood,Chemistry
50859,"Acid Phosphatase, Non-Prostatic",Blood,Chemistry
50860,"AFP, Maternal Screen",Blood,Chemistry
50861,Alanine Aminotransferase (ALT),Blood,Chemistry
50862,Albumin,Blood,Chemistry
50863,Alkaline Phosphatase,Blood,Chemistry
50864,Alpha-Fetoprotein,Blood,Chemistry
50865,Amikacin,Blood,Chemistry
50866,Ammonia,Blood,Chemistry
50867,Amylase,Blood,Chemistry
50868,Anion Gap,Blood,Chemistry
50869,Anti-DGP (IgA/IgG),Blood,Chemistry
50870,"Anti-Gliadin Antibody, IgA",Blood,Chemistry
50871,Anti-Mitochondrial Antibody,Blood,Chemistry
50872,Anti-Neutrophil Cytoplasmic Antibody,Blood,Chemistry
50873,Anti-Nuclear Antibody,Blood,Chemistry
50874,"Anti-Nuclear Antibody, Titer",Blood,Chemistry
50875,Anti-Parietal Cell Antibody,Blood,Chemistry
50876,Anti-Smooth Muscle Antibody,Blood,Chemistry
50877,Anti-Thyroglobulin Antibodies,Blood,Chemistry
50878,Asparate Aminotransferase (AST),Blood,Chemistry
50879,Barbiturate Screen,Blood,Chemistry
50880,Benzodiazepine Screen,Blood,Chemistry
50881,Beta-2 Microglobulin,Blood,Chemistry
50882,Bicarbonate,Blood,Chemistry
50883,"Bilirubin, Direct",Blood,Chemistry
50884,"Bilirubin, Indirect",Blood,Chemistry
50885,"Bilirubin, Total",Blood,Chemistry
50886,Blood Culture Hold,Blood,Chemistry
50887,Blue Top Hold,Blood,Chemistry
50888,Blue Top Hold Frozen,Blood,Chemistry
50889,C-Reactive Protein,Blood,Chemistry
50890,C3,Blood,Chemistry
50891,C4,Blood,Chemistry
50892,CA-125,Blood,Chemistry
50893,"Calcium, Total",Blood,Chemistry
50894,Calculated Free Testosterone,Blood,Chemistry
50895,Calculated TBG,Blood,Chemistry
50896,Calculated Thyroxine (T4) Index,Blood,Chemistry
50897,Call,Blood,Chemistry
50898,Cancer Antigen 27.29,Blood,Chemistry
50899,Carbamazepine,Blood,Chemistry
50900,Carcinoembyronic Antigen (CEA),Blood,Chemistry
50901,Centromere,Blood,Chemistry
50902,Chloride,Blood,Chemistry
50903,Cholesterol Ratio (Total/HDL),Blood,Chemistry
50904,"Cholesterol, HDL",Blood,Chemistry
50905,"Cholesterol, LDL, Calculated",Blood,Chemistry
50906,"Cholesterol, LDL, Measured",Blood,Chemistry
50907,"Cholesterol, Total",Blood,Chemistry
50908,CK-MB Index,Blood,Chemistry
50909,Cortisol,Blood,Chemistry
50910,Creatine Kinase (CK),Blood,Chemistry
50911,"Creatine Kinase, MB Isoenzyme",Blood,Chemistry
50912,Creatinine,Blood,Chemistry
50913,Cryoglobulin,Blood,Chemistry
50914,Cyclosporin,Blood,Chemistry
50915,D-Dimer,Blood,Chemistry
50916,DHEA-Sulfate,Blood,Chemistry
50917,Digoxin,Blood,Chemistry
50918,Double Stranded DNA,Blood,Chemistry
50919,EDTA Hold,Blood,Chemistry
50920,Estimated GFR (MDRD equation),Blood,Chemistry
50921,Estradiol,Blood,Chemistry
50922,Ethanol,Blood,Chemistry
50923,Fax,Blood,Chemistry
50924,Ferritin,Blood,Chemistry
50925,Folate,Blood,Chemistry
50926,Follicle Stimulating Hormone,Blood,Chemistry
50927,Gamma Glutamyltransferase,Blood,Chemistry
50928,Gastrin,Blood,Chemistry
50929,Gentamicin,Blood,Chemistry
50930,Globulin,Blood,Chemistry
50931,Glucose,Blood,Chemistry
50932,Gray Top Hold (plasma),Blood,Chemistry
50933,Green Top Hold (plasma),Blood,Chemistry
50934,H,Blood,Chemistry
50935,Haptoglobin,Blood,Chemistry
50936,"HCG, Maternal Screen",Blood,Chemistry
50937,Hepatitis A Virus Antibody,Blood,Chemistry
50938,Hepatitis A Virus IgM Antibody,Blood,Chemistry
50939,"Hepatitis B Core Antibody, IgM",Blood,Chemistry
50940,Hepatitis B Surface Antibody,Blood,Chemistry
50941,Hepatitis B Surface Antigen,Blood,Chemistry
50942,Hepatitis B Virus Core Antibody,Blood,Chemistry
50943,Hepatitis C Virus Antibody,Blood,Chemistry
50944,HIV Antibody,Blood,Chemistry
50945,Homocysteine,Blood,Chemistry
50946,Human Chorionic Gonadotropin,Blood,Chemistry
50947,I,Blood,Chemistry
50948,Immunofixation,Blood,Chemistry
50949,Immunoglobulin A,Blood,Chemistry
50950,Immunoglobulin G,Blood,Chemistry
50951,Immunoglobulin M,Blood,Chemistry
50952,Iron,Blood,Chemistry
50953,"Iron Binding Capacity, Total",Blood,Chemistry
50954,Lactate Dehydrogenase (LD),Blood,Chemistry
50955,Light Green Top Hold,Blood,Chemistry
50956,Lipase,Blood,Chemistry
50957,Lithium,Blood,Chemistry
50958,Luteinizing Hormone,Blood,Chemistry
50959,Macro Prolactin,Blood,Chemistry
50960,Magnesium,Blood,Chemistry
50961,Methotrexate,Blood,Chemistry
50962,N-Acetylprocainamide (NAPA),Blood,Chemistry
50963,NTproBNP,Blood,Chemistry
50964,"Osmolality, Measured",Blood,Chemistry
50965,Parathyroid Hormone,Blood,Chemistry
50966,Phenobarbital,Blood,Chemistry
50967,Phenytoin,Blood,Chemistry
50968,"Phenytoin, Free",Blood,Chemistry
50969,"Phenytoin, Percent Free",Blood,Chemistry
50970,Phosphate,Blood,Chemistry
50971,Potassium,Blood,Chemistry
50972,Procainamide,Blood,Chemistry
50973,Prolactin,Blood,Chemistry
50974,Prostate Specific Antigen,Blood,Chemistry
50975,Protein Electrophoresis,Blood,Chemistry
50976,"Protein, Total",Blood,Chemistry
50977,Quinidine,Blood,Chemistry
50978,Rapamycin,Blood,Chemistry
50979,Red Top Hold,Blood,Chemistry
50980,Rheumatoid Factor,Blood,Chemistry
50981,Salicylate,Blood,Chemistry
50982,Sex Hormone Binding Globulin,Blood,Chemistry
50983,Sodium,Blood,Chemistry
50984,Stat,Blood,Chemistry
50985,Study Tubes,Blood,Chemistry
50986,tacroFK,Blood,Chemistry
50988,Testosterone,Blood,Chemistry
50989,"Testosterone, Free",Blood,Chemistry
50990,Theophylline,Blood,Chemistry
50991,Thyroglobulin,Blood,Chemistry
50992,Thyroid Peroxidase Antibodies,Blood,Chemistry
50993,Thyroid Stimulating Hormone,Blood,Chemistry
50994,Thyroxine (T4),Blood,Chemistry
50995,"Thyroxine (T4), Free",Blood,Chemistry
50996,"Tissue Transglutaminase Ab, IgA",Blood,Chemistry
50997,Tobramycin,Blood,Chemistry
50998,Transferrin,Blood,Chemistry
50999,Tricyclic Antidepressant Screen,Blood,Chemistry
51000,Triglycerides,Blood,Chemistry
51001,Triiodothyronine (T3),Blood,Chemistry
51002,Troponin I,Blood,Chemistry
51003,Troponin T,Blood,Chemistry
51004,"UE3, Maternal Screen",Blood,Chemistry
51005,Uptake Ratio,Blood,Chemistry
51006,Urea Nitrogen,Blood,Chemistry
51007,Uric Acid,Blood,Chemistry
51008,Valproic Acid,Blood,Chemistry
51009,Vancomycin,Blood,Chemistry
51010,Vitamin B12,Blood,Chemistry
51019,"Albumin, Joint Fluid",Joint Fluid,Chemistry
51020,"Amylase, Joint Fluid",Joint Fluid,Chemistry
51021,"Creatinine, Joint Fluid",Joint Fluid,Chemistry
51022,"Glucose, Joint Fluid",Joint Fluid,Chemistry
51023,"LD, Joint Fluid",Joint Fluid,Chemistry
51024,"Total Protein, Joint Fluid",Joint Fluid,Chemistry
51025,"Albumin, Body Fluid",Other Body Fluid,Chemistry
51026,"Amylase, Body Fluid",Other Body Fluid,Chemistry
51027,"Bicarbonate, Other Fluid",Other Body Fluid,Chemistry
51028,"Bilirubin, Total, Body Fluid",Other Body Fluid,Chemistry
51029,"Calcium, Body Fluid",Other Body Fluid,Chemistry
51030,"Chloride, Body Fluid",Other Body Fluid,Chemistry
51031,"Cholesterol, Body Fluid",Other Body Fluid,Chemistry
51032,"Creatinine, Body Fluid",Other Body Fluid,Chemistry
51033,FetalFN,Other Body Fluid,Chemistry
51034,"Glucose, Body Fluid",Other Body Fluid,Chemistry
51035,"LD, Body Fluid",Other Body Fluid,Chemistry
51036,"Lipase, Body Fluid",Other Body Fluid,Chemistry
51037,"Magnesium, Body Fluid",Other Body Fluid,Chemistry
51038,"Miscellaneous, Body Fluid",Other Body Fluid,Chemistry
51039,"Osmolality, Body Fluid",Other Body Fluid,Chemistry
51040,"Phosphate, Body Fluid",Other Body Fluid,Chemistry
51041,"Potassium, Body Fluid",Other Body Fluid,Chemistry
51042,"Sodium, Body Fluid",Other Body Fluid,Chemistry
51043,"Total Protein, Body Fluid",Other Body Fluid,Chemistry
51044,Triglycer,Other Body Fluid,Chemistry
51045,"Urea Nitrogen, Body Fluid",Other Body Fluid,Chemistry
51046,"Albumin, Pleural",Pleural,Chemistry
51047,"Amylase, Pleural",Pleural,Chemistry
51048,"Bicarbonate, Pleural",Pleural,Chemistry
51049,"Bilirubin, Total, Pleural",Pleural,Chemistry
51050,"Chloride, Pleural",Pleural,Chemistry
51051,"Cholesterol, Pleural",Pleural,Chemistry
51052,"Creatinine, Pleural",Pleural,Chemistry
51053,"Glucose, Pleural",Pleural,Chemistry
51054,"Lactate Dehydrogenase, Pleural",Pleural,Chemistry
51055,"Lipase, Pleural",Pleural,Chemistry
51056,"Miscellaneous, Pleural",Pleural,Chemistry
51057,"Potassium, Pleural",Pleural,Chemistry
51058,"Sodium, Pleural",Pleural,Chemistry
51059,"Total Protein, Pleural",Pleural,Chemistry
51060,"Triglycerides, Pleural",Pleural,Chemistry
51061,"Bicarbonate, Stool",Stool,Chemistry
51062,"Chloride, Stool",Stool,Chemistry
51063,"Osmolality, Stool",Stool,Chemistry
51064,"Potassium, Stool",Stool,Chemistry
51065,"Sodium, Stool",Stool,Chemistry
51066,24 hr Calcium,Urine,Chemistry
51067,24 hr Creatinine,Urine,Chemistry
51068,24 hr Protein,Urine,Chemistry
51069,"Albumin, Urine",Urine,Chemistry
51070,"Albumin/Creatinine, Urine",Urine,Chemistry
51071,"Amphetamine Screen, Urine",Urine,Chemistry
51072,"Amylase, Urine",Urine,Chemistry
51073,"Amylase/Creatinine Ratio, Urine",Urine,Chemistry
51074,"Barbiturate Screen, Urine",Urine,Chemistry
51075,"Benzodiazepine Screen, Urine",Urine,Chemistry
51076,"Bicarbonate, Urine",Urine,Chemistry
51077,"Calcium, Urine",Urine,Chemistry
51078,"Chloride, Urine",Urine,Chemistry
51079,"Cocaine, Urine",Urine,Chemistry
51080,Creatinine Clearance,Urine,Chemistry
51081,"Creatinine, Serum",Urine,Chemistry
51082,"Creatinine, Urine",Urine,Chemistry
51083,"Ethanol, Urine",Urine,Chemistry
51084,"Glucose, Urine",Urine,Chemistry
51085,"HCG, Urine, Qualitative",Urine,Chemistry
51086,"Immunofixation, Urine",Urine,Chemistry
51087,Length of Urine Collection,Urine,Chemistry
51088,"Magnesium, Urine",Urine,Chemistry
51089,Marijuana,Urine,Chemistry
51090,"Methadone, Urine",Urine,Chemistry
51091,"Myoglobin, Urine",Urine,Chemistry
51092,"Opiate Screen, Urine",Urine,Chemistry
51093,"Osmolality, Urine",Urine,Chemistry
51094,pH,Urine,Chemistry
51095,"Phosphate, Urine",Urine,Chemistry
51096,Porphobilinogen Screen,Urine,Chemistry
51097,"Potassium, Urine",Urine,Chemistry
51098,"Prot. Electrophoresis, Urine",Urine,Chemistry
51099,Protein/Creatinine Ratio,Urine,Chemistry
51100,"Sodium, Urine",Urine,Chemistry
51101,Total Collection Time,Urine,Chemistry
51102,"Total Protein, Urine",Urine,Chemistry
51103,Uhold,Urine,Chemistry
51104,"Urea Nitrogen, Urine",Urine,Chemistry
51105,"Uric Acid, Urine",Urine,Chemistry
51106,Urine Creatinine,Urine,Chemistry
51107,"Urine tube, held",Urine,Chemistry
51108,Urine Volume,Urine,Chemistry
51109,"Urine Volume, Total",Urine,Chemistry
51110,Atypical Lymphocytes,Ascites,Hematology
51111,Bands,Ascites,Hematology
51112,Basophils,Ascites,Hematology
51113,Blasts,Ascites,Hematology
51114,Eosinophils,Ascites,Hematology
51115,"Hematocrit, Ascites",Ascites,Hematology
51116,Lymphocytes,Ascites,Hematology
51117,Macrophage,Ascites,Hematology
51118,Mesothelial Cell,Ascites,Hematology
51119,Metamyelocytes,Ascites,Hematology
51120,Monocytes,Ascites,Hematology
51121,Myelocytes,Ascites,Hematology
51122,Nucleated RBC,Ascites,Hematology
51123,Other,Ascites,Hematology
51124,Plasma,Ascites,Hematology
51125,Polys,Ascites,Hematology
51126,Promyelocytes,Ascites,Hematology
51127,"RBC, Ascites",Ascites,Hematology
51129,Young,Ascites,Hematology
51130,Absolute CD3 Count,Blood,Hematology
51131,Absolute CD4 Count,Blood,Hematology
51132,Absolute CD8 Count,Blood,Hematology
51133,Absolute Lymphocyte Count,Blood,Hematology
51134,Acanthocytes,Blood,Hematology
51135,ADP,Blood,Hematology
51136,Alpha Antiplasmin,Blood,Hematology
51137,Anisocytosis,Blood,Hematology
51138,Anticardiolipin Antibody IgG,Blood,Hematology
51139,Anticardiolipin Antibody IgM,Blood,Hematology
51140,Antithrombin,Blood,Hematology
51141,APT Test,Blood,Hematology
51142,Arachadonic Acid,Blood,Hematology
51143,Atypical Lymphocytes,Blood,Hematology
51144,Bands,Blood,Hematology
51145,Basophilic Stippling,Blood,Hematology
51146,Basophils,Blood,Hematology
51147,Bite Cells,Blood,Hematology
51148,Blasts,Blood,Hematology
51149,Bleeding Time,Blood,Hematology
51150,Blood Parasite Smear,Blood,Hematology
51152,CD10,Blood,Hematology
51153,CD103,Blood,Hematology
51154,CD117,Blood,Hematology
51155,CD11c,Blood,Hematology
51156,CD13,Blood,Hematology
51157,CD138,Blood,Hematology
51158,CD14,Blood,Hematology
51159,CD15,Blood,Hematology
51161,CD16,Blood,Hematology
51162,CD16/56 Absolute Count,Blood,Hematology
51163,CD16/56%,Blood,Hematology
51164,CD19,Blood,Hematology
51165,CD19 %,Blood,Hematology
51166,CD19 Absolute Count,Blood,Hematology
51167,CD2,Blood,Hematology
51168,CD20,Blood,Hematology
51169,CD20 %,Blood,Hematology
51170,CD20 Absolute Count,Blood,Hematology
51171,CD22,Blood,Hematology
51172,CD23,Blood,Hematology
51173,CD25,Blood,Hematology
51174,CD3 %,Blood,Hematology
51175,CD3 Absolute Count,Blood,Hematology
51176,"CD3 Cells, Percent",Blood,Hematology
51177,CD33,Blood,Hematology
51178,CD34,Blood,Hematology
51179,CD38,Blood,Hematology
51180,"CD4 Cells, Percent",Blood,Hematology
51181,CD4/CD8 Ratio,Blood,Hematology
51182,CD41,Blood,Hematology
51183,CD45,Blood,Hematology
51184,CD5,Blood,Hematology
51185,CD5 %,Blood,Hematology
51186,CD5 Absolute Count,Blood,Hematology
51187,CD55,Blood,Hematology
51188,CD56,Blood,Hematology
51189,CD57,Blood,Hematology
51190,CD59,Blood,Hematology
51191,CD64,Blood,Hematology
51192,CD7,Blood,Hematology
51193,CD71,Blood,Hematology
51194,"CD8 Cells, Percent",Blood,Hematology
51195,Collagen,Blood,Hematology
51196,D-Dimer,Blood,Hematology
51197,Elliptocytes,Blood,Hematology
51198,Envelope Cells,Blood,Hematology
51199,Eosinophil Count,Blood,Hematology
51200,Eosinophils,Blood,Hematology
51201,Epinepherine,Blood,Hematology
51202,Factor II,Blood,Hematology
51203,Factor IX,Blood,Hematology
51204,Factor V,Blood,Hematology
51205,Factor VII,Blood,Hematology
51206,Factor VIII,Blood,Hematology
51207,Factor VIII Inhibitor,Blood,Hematology
51208,Factor X,Blood,Hematology
51209,Factor XI,Blood,Hematology
51210,Factor XII,Blood,Hematology
51211,Factor XIII,Blood,Hematology
51212,Fetal Hemoglobin,Blood,Hematology
51213,Fibrin Degradation Products,Blood,Hematology
51214,"Fibrinogen, Functional",Blood,Hematology
51215,FMC-7,Blood,Hematology
51216,Fragmented Cells,Blood,Hematology
51217,Glyco A,Blood,Hematology
51218,Granulocyte Count,Blood,Hematology
51219,H/O Smear,Blood,Hematology
51220,Heinz Body Prep,Blood,Hematology
51221,Hematocrit,Blood,Hematology
51222,Hemoglobin,Blood,Hematology
51223,Hemoglobin A2,Blood,Hematology
51224,Hemoglobin C,Blood,Hematology
51225,Hemoglobin F,Blood,Hematology
51226,Hemogloblin A,Blood,Hematology
51227,Hemogloblin S,Blood,Hematology
51228,Heparin,Blood,Hematology
51229,"Heparin, LMW",Blood,Hematology
51230,HLA-DR,Blood,Hematology
51231,Howell-Jolly Bodies,Blood,Hematology
51232,Hypersegmented Neutrophils,Blood,Hematology
51233,Hypochromia,Blood,Hematology
51234,Immunophenotyping,Blood,Hematology
51235,Inhibitor Screen,Blood,Hematology
51236,Inpatient Hematology/Oncology Smear,Blood,Hematology
51237,INR(PT),Blood,Hematology
51238,Kappa,Blood,Hematology
51239,Lambda,Blood,Hematology
51240,Large Platelets,Blood,Hematology
51241,Leukocyte Alkaline Phosphatase,Blood,Hematology
51242,LUC,Blood,Hematology
51243,Lupus Anticoagulant,Blood,Hematology
51244,Lymphocytes,Blood,Hematology
51245,"Lymphocytes, Percent",Blood,Hematology
51246,Macrocytes,Blood,Hematology
51247,MacroOvalocytes,Blood,Hematology
51248,MCH,Blood,Hematology
51249,MCHC,Blood,Hematology
51250,MCV,Blood,Hematology
51251,Metamyelocytes,Blood,Hematology
51252,Microcytes,Blood,Hematology
51253,Monocyte Count,Blood,Hematology
51254,Monocytes,Blood,Hematology
51255,Myelocytes,Blood,Hematology
51256,Neutrophils,Blood,Hematology
51257,Nucleated Red Cells,Blood,Hematology
51258,Osmotic Fragility,Blood,Hematology
51259,Other Cells,Blood,Hematology
51260,Ovalocytes,Blood,Hematology
51261,Pappenheimer Bodies,Blood,Hematology
51262,Pencil Cells,Blood,Hematology
51263,Plasma Cells,Blood,Hematology
51264,Platelet Clumps,Blood,Hematology
51265,Platelet Count,Blood,Hematology
51266,Platelet Smear,Blood,Hematology
51267,Poikilocytosis,Blood,Hematology
51268,Polychromasia,Blood,Hematology
51269,Promyelocytes,Blood,Hematology
51270,"Protein C, Antigen",Blood,Hematology
51271,"Protein C, Functional",Blood,Hematology
51272,"Protein S, Antigen",Blood,Hematology
51273,"Protein S, Functional",Blood,Hematology
51274,PT,Blood,Hematology
51275,PTT,Blood,Hematology
51276,Quantitative G6PD,Blood,Hematology
51277,RDW,Blood,Hematology
51278,Red Blood Cell Fragments,Blood,Hematology
51279,Red Blood Cells,Blood,Hematology
51280,Reptilase Time,Blood,Hematology
51281,Reptilase Time Control,Blood,Hematology
51282,"Reticulocyte Count, Absolute",Blood,Hematology
51283,"Reticulocyte Count, Automated",Blood,Hematology
51284,"Reticulocyte Count, Manual",Blood,Hematology
51285,"Reticulocyte, Cellular Hemoglobin",Blood,Hematology
51286,Ristocetin,Blood,Hematology
51287,Schistocytes,Blood,Hematology
51288,Sedimentation Rate,Blood,Hematology
51289,Serum Viscosity,Blood,Hematology
51290,Sickle Cell Preparation,Blood,Hematology
51291,Sickle Cells,Blood,Hematology
51292,Spherocytes,Blood,Hematology
51293,Sugar Water Test,Blood,Hematology
51294,Target Cells,Blood,Hematology
51295,TdT,Blood,Hematology
51296,Teardrop Cells,Blood,Hematology
51297,Thrombin,Blood,Hematology
51298,Von Willebrand Factor Activity,Blood,Hematology
51299,Von Willebrand Factor Antigen,Blood,Hematology
51300,WBC Count,Blood,Hematology
51301,White Blood Cells,Blood,Hematology
51302,Young Cells,Blood,Hematology
51303,CD10,Bone Marrow,Hematology
51304,CD103,Bone Marrow,Hematology
51305,CD117,Bone Marrow,Hematology
51306,CD11c,Bone Marrow,Hematology
51307,CD13,Bone Marrow,Hematology
51308,CD138,Bone Marrow,Hematology
51309,CD14,Bone Marrow,Hematology
51310,CD15,Bone Marrow,Hematology
51311,CD16,Bone Marrow,Hematology
51312,CD16/56,Bone Marrow,Hematology
51313,CD19,Bone Marrow,Hematology
51314,CD2,Bone Marrow,Hematology
51315,CD20,Bone Marrow,Hematology
51316,CD22,Bone Marrow,Hematology
51317,CD23,Bone Marrow,Hematology
51318,CD25,Bone Marrow,Hematology
51319,CD3,Bone Marrow,Hematology
51320,CD33,Bone Marrow,Hematology
51321,CD34,Bone Marrow,Hematology
51322,CD38,Bone Marrow,Hematology
51323,CD4,Bone Marrow,Hematology
51324,CD41,Bone Marrow,Hematology
51325,CD45,Bone Marrow,Hematology
51326,CD5,Bone Marrow,Hematology
51327,CD55,Bone Marrow,Hematology
51328,CD56,Bone Marrow,Hematology
51329,CD57,Bone Marrow,Hematology
51330,CD59,Bone Marrow,Hematology
51331,CD64,Bone Marrow,Hematology
51332,CD7,Bone Marrow,Hematology
51333,CD71,Bone Marrow,Hematology
51334,CD8,Bone Marrow,Hematology
51335,FMC-7,Bone Marrow,Hematology
51336,Glyco A,Bone Marrow,Hematology
51337,HLA-DR,Bone Marrow,Hematology
51338,Immunophenotyping,Bone Marrow,Hematology
51339,Iron Stain,Bone Marrow,Hematology
51340,Kappa,Bone Marrow,Hematology
51341,Lambda,Bone Marrow,Hematology
51342,Wright Giemsa,Bone Marrow,Hematology
51365,Atypical Lymphocytes,Joint Fluid,Hematology
51366,Bands,Joint Fluid,Hematology
51367,Basophils,Joint Fluid,Hematology
51368,Eosinophils,Joint Fluid,Hematology
51369,"Hematocrit, Joint Fluid",Joint Fluid,Hematology
51370,"Joint Crystals, Birefringence",Joint Fluid,Hematology
51371,"Joint Crystals, Comment",Joint Fluid,Hematology
51372,"Joint Crystals, Location",Joint Fluid,Hematology
51373,"Joint Crystals, Number",Joint Fluid,Hematology
51374,"Joint Crystals, Shape",Joint Fluid,Hematology
51375,Lymphocytes,Joint Fluid,Hematology
51376,Macrophage,Joint Fluid,Hematology
51377,Mesothelial Cells,Joint Fluid,Hematology
51378,Metamyelocytes,Joint Fluid,Hematology
51379,Monocytes,Joint Fluid,Hematology
51380,NRBC,Joint Fluid,Hematology
51381,Other,Joint Fluid,Hematology
51382,Polys,Joint Fluid,Hematology
51383,"RBC, Joint Fluid",Joint Fluid,Hematology
51385,Atypical Lymphocytes,Other Body Fluid,Hematology
51386,Bands,Other Body Fluid,Hematology
51387,Basophils,Other Body Fluid,Hematology
51388,CD10,Other Body Fluid,Hematology
51389,CD103,Other Body Fluid,Hematology
51390,CD117,Other Body Fluid,Hematology
51391,CD11c,Other Body Fluid,Hematology
51392,CD13,Other Body Fluid,Hematology
51393,CD138,Other Body Fluid,Hematology
51394,CD14,Other Body Fluid,Hematology
51395,CD15,Other Body Fluid,Hematology
51396,CD16,Other Body Fluid,Hematology
51397,CD16/56,Other Body Fluid,Hematology
51398,CD19,Other Body Fluid,Hematology
51399,CD2,Other Body Fluid,Hematology
51400,CD20,Other Body Fluid,Hematology
51401,CD22,Other Body Fluid,Hematology
51402,CD23,Other Body Fluid,Hematology
51403,CD25,Other Body Fluid,Hematology
51404,CD3,Other Body Fluid,Hematology
51405,CD33,Other Body Fluid,Hematology
51406,CD34,Other Body Fluid,Hematology
51407,CD38,Other Body Fluid,Hematology
51408,CD4,Other Body Fluid,Hematology
51409,CD4/CD8 Ratio,Other Body Fluid,Hematology
51410,CD41,Other Body Fluid,Hematology
51411,CD45,Other Body Fluid,Hematology
51412,CD5,Other Body Fluid,Hematology
51413,CD56,Other Body Fluid,Hematology
51414,CD57,Other Body Fluid,Hematology
51415,CD64,Other Body Fluid,Hematology
51416,CD7,Other Body Fluid,Hematology
51417,CD71,Other Body Fluid,Hematology
51418,CD8,Other Body Fluid,Hematology
51419,Eosinophils,Other Body Fluid,Hematology
51420,FMC-7,Other Body Fluid,Hematology
51421,Glyco A,Other Body Fluid,Hematology
51422,"Hematocrit, Other Fluid",Other Body Fluid,Hematology
51423,HLA-DR,Other Body Fluid,Hematology
51424,Immunophenotyping,Other Body Fluid,Hematology
51425,Kappa,Other Body Fluid,Hematology
51426,Lambda,Other Body Fluid,Hematology
51427,Lymphocytes,Other Body Fluid,Hematology
51428,Macrophage,Other Body Fluid,Hematology
51429,Mesothelial cells,Other Body Fluid,Hematology
51430,Metamyelocytes,Other Body Fluid,Hematology
51431,Monos,Other Body Fluid,Hematology
51432,Myelocytes,Other Body Fluid,Hematology
51433,NRBC,Other Body Fluid,Hematology
51434,Other Cell,Other Body Fluid,Hematology
51435,Plasma,Other Body Fluid,Hematology
51436,Polys,Other Body Fluid,Hematology
51437,Promyelocytes,Other Body Fluid,Hematology
51438,"RBC, Other Fluid",Other Body Fluid,Hematology
51440,Atypical Lymphocytes,Pleural,Hematology
51441,Bands,Pleural,Hematology
51442,Basophils,Pleural,Hematology
51443,Blasts,Pleural,Hematology
51444,Eosinophils,Pleural,Hematology
51445,"Hematocrit, Pleural",Pleural,Hematology
51446,Lymphocytes,Pleural,Hematology
51447,Macrophages,Pleural,Hematology
51448,Mesothelial Cells,Pleural,Hematology
51449,Metamyelocytes,Pleural,Hematology
51450,Monos,Pleural,Hematology
51451,Myelocytes,Pleural,Hematology
51452,NRBC,Pleural,Hematology
51453,Other,Pleural,Hematology
51454,Plasma Cells,Pleural,Hematology
51455,Polys,Pleural,Hematology
51456,Promyelocytes,Pleural,Hematology
51457,"RBC, Pleural",Pleural,Hematology
51459,Young Cells,Pleural,Hematology
51460,"Blood, Occult",Stool,Hematology
51461,Ammonium Biurate,Urine,Hematology
51462,Amorphous Crystals,Urine,Hematology
51463,Bacteria,Urine,Hematology
51464,Bilirubin,Urine,Hematology
51465,Bilirubin Crystals,Urine,Hematology
51466,Blood,Urine,Hematology
51467,Broad Casts,Urine,Hematology
51468,Calcium Carbonate Crystals,Urine,Hematology
51469,Calcium Oxalate Crystals,Urine,Hematology
51470,Calcium Phosphate Crystals,Urine,Hematology
51471,Cellular Cast,Urine,Hematology
51472,Cholesterol Crystals,Urine,Hematology
51473,Cysteine Crystals,Urine,Hematology
51474,Eosinophils,Urine,Hematology
51475,Epithelial Casts,Urine,Hematology
51476,Epithelial Cells,Urine,Hematology
51477,Free Fat,Urine,Hematology
51478,Glucose,Urine,Hematology
51479,Granular Casts,Urine,Hematology
51480,Hematocrit,Urine,Hematology
51481,Hemosiderin,Urine,Hematology
51482,Hyaline Casts,Urine,Hematology
51483,Hyphenated Yeast,Urine,Hematology
51484,Ketone,Urine,Hematology
51485,Leucine Crystals,Urine,Hematology
51486,Leukocytes,Urine,Hematology
51487,Nitrite,Urine,Hematology
51488,Non-squamous Epithelial Cells,Urine,Hematology
51489,NonSquamous Epithelial Cell,Urine,Hematology
51490,Oval Fat Body,Urine,Hematology
51491,pH,Urine,Hematology
51492,Protein,Urine,Hematology
51493,RBC,Urine,Hematology
51494,RBC Casts,Urine,Hematology
51495,RBC Clumps,Urine,Hematology
51496,"Reducing Substances, Urine",Urine,Hematology
51497,Renal Epithelial Cells,Urine,Hematology
51498,Specific Gravity,Urine,Hematology
51499,Sperm,Urine,Hematology
51500,Sulfonamides,Urine,Hematology
51501,Transitional Epithelial Cells,Urine,Hematology
51502,Trichomonas,Urine,Hematology
51503,Triple Phosphate Crystals,Urine,Hematology
51504,Tyrosine Crystals,Urine,Hematology
51505,Uric Acid Crystals,Urine,Hematology
51506,Urine Appearance,Urine,Hematology
51507,"Urine Casts, Other",Urine,Hematology
51508,Urine Color,Urine,Hematology
51509,Urine Comments,Urine,Hematology
51510,"Urine Crystals, Other",Urine,Hematology
51511,Urine Fat Bodies,Urine,Hematology
51512,Urine Mucous,Urine,Hematology
51513,Urine Specimen Type,Urine,Hematology
51514,Urobilinogen,Urine,Hematology
51515,Waxy Casts,Urine,Hematology
51516,WBC,Urine,Hematology
51517,WBC Casts,Urine,Hematology
51518,WBC Clumps,Urine,Hematology
51519,Yeast,Urine,Hematology
51556,Anti-Microsomal Antibodies,Blood,Chemistry
51557,Anti-Microsomal Antibody,Blood,Chemistry
51558,Antirnp,Blood,Chemistry
51559,Anti-ro,Blood,Chemistry
51560,Anti-SARS-CoV-2 IgA,Blood,Chemistry
51562,Anti-Skin Antibody,Blood,Chemistry
51563,Anti-sm,Blood,Chemistry
51564,ARCH-1,Blood,Chemistry
51565,Argon,Blood,Chemistry
51566,Beta,Blood,Chemistry
51567,Beta Hydroxybutyrate,Blood,Chemistry
51568,"Bilirubin, Neonatal",Blood,Chemistry
51569,"Bilirubin, Neonatal, Direct",Blood,Chemistry
51570,"Bilirubin, Neonatal, Indirect",Blood,Chemistry
51571,Billed,Blood,Chemistry
51572,Bioavailable Testosterone,Blood,Chemistry
51573,Bromide,Blood,Chemistry
51574,C1 Inhibitor,Blood,Chemistry
51575,C1q,Blood,Chemistry
51576,C2,Blood,Chemistry
51577,C5,Blood,Chemistry
51578,C6,Blood,Chemistry
51579,CA 19-9,Blood,Chemistry
51580,Calculated CK-MB,Blood,Chemistry
51581,Carotene,Blood,Chemistry
51582,CH50,Blood,Chemistry
51583,Chol Estr,Blood,Chemistry
51584,Chylomicrons,Blood,Chemistry
51585,Clostrid,Blood,Chemistry
51586,CMV IgG Ab,Blood,Chemistry
51587,CMV IgG Ab Value,Blood,Chemistry
51588,CMV IgM Ab,Blood,Chemistry
51589,CMV IgM Ab Value,Blood,Chemistry
51590,CMV Interpretation,Blood,Chemistry
51591,Confirmation,Blood,Chemistry
51592,Conj Bili,Blood,Chemistry
51593,Copper,Blood,Chemistry
51594,"Creatine Kinase, Isoenzyme BB",Blood,Chemistry
51595,"Creatine Kinase, Isoenzyme MB",Blood,Chemistry
51596,"Creatine Kinase, Isoenzyme MM",Blood,Chemistry
51597,Cvhlc,Blood,Chemistry
51598,Cytomegalovirus Viral Load,Blood,Chemistry
51599,D,Blood,Chemistry
51600,Delete,Blood,Chemistry
51601,Delete,Blood,Chemistry
51602,Delete,Blood,Chemistry
51603,Delete,Blood,Chemistry
51604,Delete,Blood,Chemistry
51605,Delta/Dlt,Blood,Chemistry
51606,Digitoxin,Blood,Chemistry
51607,"Dimeric Inhibin A, Maternal Screen",Blood,Chemistry
51608,DirLst,Blood,Chemistry
51609,Disopyramide,Blood,Chemistry
51610,Dlta Bili,Blood,Chemistry
51611,Down Syndrome Risk,Blood,Chemistry
51612,Dr. X,Blood,Chemistry
51613,eAG,Blood,Chemistry
51614,Epstein-Barr Virus  EBNA IgG Ab,Blood,Chemistry
51615,Epstein-Barr Virus EBNA IgG Ab,Blood,Chemistry
51616,Epstein-Barr Virus IgG Ab Value,Blood,Chemistry
51617,Epstein-Barr Virus IgM Ab Value,Blood,Chemistry
51618,Epstein-Barr Virus Interpretation,Blood,Chemistry
51619,Epstein-Barr Virus VCA IgG Ab,Blood,Chemistry
51620,Epstein-Barr Virus VCA IgM Ab,Blood,Chemistry
51621,Ethylene Glycol,Blood,Chemistry
51623,Fibrinogen,Blood,Chemistry
51624,Free Calcium,Blood,Chemistry
51625,Free Kappa,Blood,Chemistry
51626,Free Kappa/Free Lambda Ratio,Blood,Chemistry
51627,Free Lambda,Blood,Chemistry
51628,Fructosamine,Blood,Chemistry
51629,Fructosamine Plus,Blood,Chemistry
51630,Gamma,Blood,Chemistry
51631,Glycated Hemoglobin,Blood,Chemistry
51632,Growth Hormone,Blood,Chemistry
51633,Hbeag,Blood,Chemistry
51634,Hbsag,Blood,Chemistry
51635,Hbsag,Blood,Chemistry
51636,"HCG, Multiples of Median",Blood,Chemistry
51637,"HCG, Qualitative",Blood,Chemistry
51638,Hematocrit,Blood,Chemistry
51639,Hematocrit,Blood,Chemistry
51640,Hemoglobin,Blood,Chemistry
51641,Hemoglobin  A,Blood,Chemistry
51642,Hemoglobin  A1,Blood,Chemistry
51643,Hemoglobin  A2,Blood,Chemistry
51644,Hemoglobin  C,Blood,Chemistry
51645,"Hemoglobin, Calculated",Blood,Chemistry
51646,Hemoglobin  F,Blood,Chemistry
51647,Hemoglobin  S,Blood,Chemistry
51648,Hepatitis B Viral Load,Blood,Chemistry
51649,Hepatitis B Virus E Antibody,Blood,Chemistry
51650,Hepatitis B Virus E Antigen,Blood,Chemistry
51651,Hepatitis C Viral Load,Blood,Chemistry
51652,High-Sensitivity CRP,Blood,Chemistry
51653,HIV 1 Ab Confirmation,Blood,Chemistry
51654,HIV 1 Viral Load,Blood,Chemistry
51655,HIV 2 Ab Confirmation,Blood,Chemistry
51656,Hlap,Blood,Chemistry
51657,HPE1,Blood,Chemistry
51658,HPE2,Blood,Chemistry
51659,HPE3,Blood,Chemistry
51660,HPE4,Blood,Chemistry
51661,HPE5,Blood,Chemistry
51662,HPE6,Blood,Chemistry
51663,HPE7,Blood,Chemistry
51664,HPE8,Blood,Chemistry
51665,HPE9,Blood,Chemistry
51666,H. pylori IgG Ab,Blood,Chemistry
51667,H. pylori IgG Ab Value,Blood,Chemistry
51668,Hsap,Blood,Chemistry
51669,Htlv Ab,Blood,Chemistry
51670,Icd9,Blood,Chemistry
51671,IFEgel,Blood,Chemistry
51672,Immune Complexes,Blood,Chemistry
51673,Immunoelectrophoresis,Blood,Chemistry
51674,Immunoglobulin E,Blood,Chemistry
51675,INR(PT),Blood,Chemistry
51676,Insulin,Blood,Chemistry
51677,K (GREEN),Blood,Chemistry
51678,L,Blood,Chemistry
51679,Lap,Blood,Chemistry
51680,"LD, Isoenzyme 1",Blood,Chemistry
51681,"LD, Isoenzyme 2",Blood,Chemistry
51682,"LD, Isoenzyme 3",Blood,Chemistry
51683,"LD, Isoenzyme 4",Blood,Chemistry
51684,"LD, Isoenzyme 5",Blood,Chemistry
51685,Lidocaine,Blood,Chemistry
51686,Lip2,Blood,Chemistry
51687,Lipo Electrophoresis,Blood,Chemistry
51688,Lyme C6 Ab,Blood,Chemistry
51689,Lyme G and M Value,Blood,Chemistry
51690,Lymphocytes,Blood,Chemistry
51691,MCV,Blood,Chemistry
51692,"Monospot, Rapid Antigen",Blood,Chemistry
51693,Mumps IgG Ab,Blood,Chemistry
51694,Mumps IgG Ab Value,Blood,Chemistry
51695,Myoglobin,Blood,Chemistry
51696,Neural Tube Defect Risk,Blood,Chemistry
51697,Neutrophils,Blood,Chemistry
51698,No MD,Blood,Chemistry
51699,Not Done,Blood,Chemistry
51700,Np-fx,Blood,Chemistry
51701,"Osmolality, Calculated",Blood,Chemistry
51702,Park,Blood,Chemistry
51703,PEPgel,Blood,Chemistry
51704,Platelet Count,Blood,Chemistry
51705,Primidone,Blood,Chemistry
51706,Problem Specimen,Blood,Chemistry
51707,Progesterone,Blood,Chemistry
51708,Qnthbsab,Blood,Chemistry
51709,Quantitative RPR Test,Blood,Chemistry
51710,Rapid Plasma Reagin Test,Blood,Chemistry
51712,Referred,Blood,Chemistry
51713,Reflex Confirmatory Hepatitis C Viral Load,Blood,Chemistry
51714,Reflex HIV Confirmation,Blood,Chemistry
51715,Renin,Blood,Chemistry
51717,Reserved,Blood,Chemistry
51718,Reserved1,Blood,Chemistry
51719,Reserved3,Blood,Chemistry
51720,Reserved4,Blood,Chemistry
51721,Reverse T3,Blood,Chemistry
51722,RFXLDLM,Blood,Chemistry
51723,Rubella,Blood,Chemistry
51724,Rubella IgG Ab,Blood,Chemistry
51725,Rubeola IgG Ab,Blood,Chemistry
51726,Rubeola IgG Ab Value,Blood,Chemistry
51727,Send Out,Blood,Chemistry
51728,Serum B12,Blood,Chemistry
51729,Serum B12,Blood,Chemistry
51730,Serum Folate,Blood,Chemistry
51731,Single Stranded DNA,Blood,Chemistry
51732,STX1,Blood,Chemistry
51733,STX2,Blood,Chemistry
51734,STX3,Blood,Chemistry
51735,STX4,Blood,Chemistry
51736,STX5,Blood,Chemistry
51737,STX6,Blood,Chemistry
51738,Thyroid Binding Globulin,Blood,Chemistry
51739,Total CO2,Blood,Chemistry
51740,Toxic Screen,Blood,Chemistry
51741,Toxoplasma IgG Ab,Blood,Chemistry
51742,Toxoplasma IgG Ab Value,Blood,Chemistry
51743,Toxoplasma IgM Ab,Blood,Chemistry
51744,Toxoplasma IgM Ab Value,Blood,Chemistry
51745,Toxoplasma Interpretation,Blood,Chemistry
51746,Transferrin Saturation,Blood,Chemistry
51747,Treponemal Antibody Test,Blood,Chemistry
51748,Treponema pallidum (Syphilis) Ab,Blood,Chemistry
51749,Treponema pallidum (syphilis) value,Blood,Chemistry
51750,"UE3, Multiples of Median",Blood,Chemistry
51751,Uncon Bil,Blood,Chemistry
51752,Voided Specimen,Blood,Chemistry
51753,VZV IgG Ab,Blood,Chemistry
51754,VZV IgG Ab Value,Blood,Chemistry
51755,White Blood Cells,Blood,Chemistry
51756,White Blood Cells,Blood,Chemistry
51757,Xxx,Blood,Chemistry
51758,Xylose,Blood,Chemistry
51759,Z,Blood,Chemistry
51760,Z,Blood,Chemistry
51761,Zinc,Blood,Chemistry
51762,EE1,Blood,Chemistry
51763,EE2,Blood,Chemistry
51764,EE7,Blood,Chemistry
51765,EE3,Blood,Chemistry
51767,EE5,Blood,Chemistry
51768,EE6,Blood,Chemistry
51769,RUBIgGV,Blood,Chemistry
51770,MDRDgfr,Blood,Chemistry
51771,,Blood,Chemistry
51772,PAN3,Blood,Chemistry
51773,RFXFRKL,Blood,Chemistry
51774,RFXHCV,Blood,Chemistry
51775,(Albumin),Cerebrospinal Fluid,Chemistry
51776,<Albumin>,Cerebrospinal Fluid,Chemistry
51777,"Albumin, CSF",Cerebrospinal Fluid,Chemistry
51778,Alpha-1,Cerebrospinal Fluid,Chemistry
51779,Alpha-2,Cerebrospinal Fluid,Chemistry
51780,"Amylase, CSF",Cerebrospinal Fluid,Chemistry
51781,Beta,Cerebrospinal Fluid,Chemistry
51782,"Bicarbonate, CSF",Cerebrospinal Fluid,Chemistry
51783,"Bilirubin, Total, CSF",Cerebrospinal Fluid,Chemistry
51784,"Chloride, CSF",Cerebrospinal Fluid,Chemistry
51785,"Cholesterol, CSF",Cerebrospinal Fluid,Chemistry
51786,Clostrid,Cerebrospinal Fluid,Chemistry
51787,"Creatinine, CSF",Cerebrospinal Fluid,Chemistry
51788,Cryptococ,Cerebrospinal Fluid,Chemistry
51789,Fl Scan,Cerebrospinal Fluid,Chemistry
51790,"Glucose, CSF",Cerebrospinal Fluid,Chemistry
51791,HIV 1 Viral Load,Cerebrospinal Fluid,Chemistry
51792,"Immunoelectrophoresis, CSF",Cerebrospinal Fluid,Chemistry
51793,"Immunoglobulin G, CSF",Cerebrospinal Fluid,Chemistry
51794,"Immunoglobulin G, CSF",Cerebrospinal Fluid,Chemistry
51795,"Lactate Dehydrogenase, CSF",Cerebrospinal Fluid,Chemistry
51796,"Miscellaneous, CSF",Cerebrospinal Fluid,Chemistry
51797,"Osmolality, CSF",Cerebrospinal Fluid,Chemistry
51798,"PEP, CSF",Cerebrospinal Fluid,Chemistry
51799,"PEP, CSF, Gamma Region",Cerebrospinal Fluid,Chemistry
51800,"Potassium, CSF",Cerebrospinal Fluid,Chemistry
51801,"Sodium, CSF",Cerebrospinal Fluid,Chemistry
51802,"Total Protein, CSF",Cerebrospinal Fluid,Chemistry
51803,"Triglycerides, CSF",Cerebrospinal Fluid,Chemistry
51804,"Urea Nitrogen, CSF",Cerebrospinal Fluid,Chemistry
51805,"Uric Acid, CSF",Cerebrospinal Fluid,Chemistry
51806,Voided Specimen,Cerebrospinal Fluid,Chemistry
51807,(Albumin),Joint Fluid,Chemistry
51808,Alpha-1,Joint Fluid,Chemistry
51809,Alpha-2,Joint Fluid,Chemistry
51810,Beta,Joint Fluid,Chemistry
51811,"Bicarbonate,Joint Fluid",Joint Fluid,Chemistry
51812,"Bilirubin, Total, Joint Fluid",Joint Fluid,Chemistry
51813,"Chloride, Joint Fluid",Joint Fluid,Chemistry
51814,"Cholesterol, Joint Fluid",Joint Fluid,Chemistry
51815,Clostrid,Joint Fluid,Chemistry
51816,Cryptococ,Joint Fluid,Chemistry
51817,Fl Scan,Joint Fluid,Chemistry
51818,"IgG, Joint Fluid",Joint Fluid,Chemistry
51819,"Immunoelectrophoresis, Joint Fluid",Joint Fluid,Chemistry
51820,"Osmolality, Joint Fluid",Joint Fluid,Chemistry
51821,"PEP, Joint Fluid, Gamma Region",Joint Fluid,Chemistry
51822,"Potassium, Joint Fluid",Joint Fluid,Chemistry
51823,"Sodium, Joint Fluid",Joint Fluid,Chemistry
51824,"Triglycerides, Joint Fluid",Joint Fluid,Chemistry
51825,"Urea Nitrogen, Joint Fluid",Joint Fluid,Chemistry
51826,"Uric Acid, Joint Fluid",Joint Fluid,Chemistry
51827,Voided Specimen,Joint Fluid,Chemistry
51828,Voided Specimen,Bone Marrow,Chemistry
51829,72 Hr Fat,Other Body Fluid,Chemistry
51830,Acid BAO,Other Body Fluid,Chemistry
51831,Acid MAO,Other Body Fluid,Chemistry
51833,"AFP, Amniotic Fluid",Other Body Fluid,Chemistry
51834,"AFP, Body Fluid",Other Body Fluid,Chemistry
51835,(Albumi,Other Body Fluid,Chemistry
51836,<Albumin>,Other Body Fluid,Chemistry
51837,Alpha-1,Other Body Fluid,Chemistry
51838,Alpha-2,Other Body Fluid,Chemistry
51839,Anat Path Hold,Other Body Fluid,Chemistry
51840,Beta,Other Body Fluid,Chemistry
51841,"Blood, Occult",Other Body Fluid,Chemistry
51842,Bun,Other Body Fluid,Chemistry
51843,C. diff PCR,Other Body Fluid,Chemistry
51844,C diff Toxin Antigen Assay,Other Body Fluid,Chemistry
51846,Chlamydia trachomatis,Other Body Fluid,Chemistry
51847,Clostrid,Other Body Fluid,Chemistry
51854,Cryptococ,Other Body Fluid,Chemistry
51855,"DSPC, Amniotic Fluid",Other Body Fluid,Chemistry
51856,Epr,Other Body Fluid,Chemistry
51857,Fl Scan,Other Body Fluid,Chemistry
51858,HIV 1 Viral Load,Other Body Fluid,Chemistry
51861,"Immunoelectrophoresis, Fluid",Other Body Fluid,Chemistry
51862,"Immunoglobulin G, Body Fluid",Other Body Fluid,Chemistry
51864,Influenza A by PCR,Other Body Fluid,Chemistry
51865,Influenza A by PCR,Other Body Fluid,Chemistry
51869,"Influenza A, Rapid Antigen",Other Body Fluid,Chemistry
51870,"Influenza A, Rapid Antigen",Other Body Fluid,Chemistry
51872,Influenza B by PCR,Other Body Fluid,Chemistry
51873,Influenza B by PCR,Other Body Fluid,Chemistry
51874,"Influenza B, Rapid Antigen",Other Body Fluid,Chemistry
51875,"Influenza B, Rapid Antigen",Other Body Fluid,Chemistry
51876,"L/S Ratio, Amniotic Fluid",Other Body Fluid,Chemistry
51877,MRSA PCR,Other Body Fluid,Chemistry
51879,Neisseria gonorrhoeae,Other Body Fluid,Chemistry
51880,Norovirus Genogroup I,Other Body Fluid,Chemistry
51881,Norovirus Genogroup II,Other Body Fluid,Chemistry
51882,O & P,Other Body Fluid,Chemistry
51887,"PEP, Body Fluid",Other Body Fluid,Chemistry
51888,"PEP, Body Fluid, Gamma Region",Other Body Fluid,Chemistry
51889,Phosphatidylglycerol,Other Body Fluid,Chemistry
51893,Staph aureus PCR,Other Body Fluid,Chemistry
51894,"Strep A, Rapid Antigen",Other Body Fluid,Chemistry
51895,"Strep A, Rapid Antigen",Other Body Fluid,Chemistry
51896,Sudan Stain,Other Body Fluid,Chemistry
51897,Surfactant/Albumin,Other Body Fluid,Chemistry
51898,Surf/Alb,Other Body Fluid,Chemistry
51899,Trichomonas vaginalis,Other Body Fluid,Chemistry
51900,"Uric Acid, Body Fluid",Other Body Fluid,Chemistry
51901,Voided Specimen,Other Body Fluid,Chemistry
51902,Vpf,Other Body Fluid,Chemistry
51903,PAN1,Other Body Fluid,Chemistry
51904,PAN2,Other Body Fluid,Chemistry
51905, ,Other Body Fluid,Chemistry
51906,reuse,Other Body Fluid,Chemistry
51907,reuse1,Other Body Fluid,Chemistry
51910,(Albumin),Pleural,Chemistry
51911,Alpha-1,Pleural,Chemistry
51912,Alpha-2,Pleural,Chemistry
51913,Beta,Pleural,Chemistry
51914,Clostrid,Pleural,Chemistry
51915,Cryptococ,Pleural,Chemistry
51916,Fl Scan,Pleural,Chemistry
51917,"Immunoelectrophoresis, Pleural",Pleural,Chemistry
51918,"Immunoglobulin G, Pleural",Pleural,Chemistry
51919,"Osmolality, Pleural",Pleural,Chemistry
51920,"PEP, Pleural, Gamma Region",Pleural,Chemistry
51921,"proBNP, Pleural",Pleural,Chemistry
51922,"Urea Nitrogen, Pleural",Pleural,Chemistry
51923,"Uric Acid, Pleural",Pleural,Chemistry
51924,Voided Specimen,Pleural,Chemistry
51925,72 Hr Fat,Stool,Chemistry
51926,(Albumin),Stool,Chemistry
51927,"Albumin, Stool",Stool,Chemistry
51928,Alpha-1,Stool,Chemistry
51929,Alpha-2,Stool,Chemistry
51930,"Amylase, Stool",Stool,Chemistry
51931,Beta,Stool,Chemistry
51932,"Bilirubin, Total, Stool",Stool,Chemistry
51933,C. diff PCR,Stool,Chemistry
51934,C Diff Toxin Antigen Assay,Stool,Chemistry
51935,"Cholesterol, Stool",Stool,Chemistry
51936,Clostrid,Stool,Chemistry
51937,"Creatinine, Stool",Stool,Chemistry
51938,Cryptococ,Stool,Chemistry
51939,Fl Scan,Stool,Chemistry
51940,Gamma,Stool,Chemistry
51941,"Glucose, Stool",Stool,Chemistry
51942,"IgG, Stool",Stool,Chemistry
51943,"Immunoelectrophoresis, Stool",Stool,Chemistry
51944,"Lactate Dehydrogenase, Stool",Stool,Chemistry
51945,Norovirus Genogroup I,Stool,Chemistry
51946,Norovirus Genogroup II,Stool,Chemistry
51947,O & P,Stool,Chemistry
51948,Sudan Stain,Stool,Chemistry
51949,"Total Protein, Stool",Stool,Chemistry
51950,"Triglycerides, Stool",Stool,Chemistry
51951,"Urea Nitrogen, Stool",Stool,Chemistry
51952,"Uric Acid, Stool",Stool,Chemistry
51953,Voided Specimen,Stool,Chemistry
51954,CDT027,Stool,Chemistry
51955,,Stool,Chemistry
51956,CDT027,Stool,Chemistry
51957,17-Hydroxycorticosteroids,Urine,Chemistry
51958,"17-Ketosteroids, Urine",Urine,Chemistry
51959,"5-HIAA, Urine",Urine,Chemistry
51960,Aldolase,Urine,Chemistry
51961,Alpha-1,Urine,Chemistry
51962,Alpha-2,Urine,Chemistry
51963,Amylase/Creatinine Clearance,Urine,Chemistry
51964,"Amylase, Serum",Urine,Chemistry
51965,Beta,Urine,Chemistry
51966,Bilirubin,Urine,Chemistry
51967,Blood,Urine,Chemistry
51968,Camp,Urine,Chemistry
51969,"Catecholamines, Urine",Urine,Chemistry
51970,Cben,Urine,Chemistry
51971,Ccoc,Urine,Chemistry
51972,Chlamydia trachomatis,Urine,Chemistry
51973,Copi,Urine,Chemistry
51974,"Copper, Urine",Urine,Chemistry
51975,Coproporphyrins,Urine,Chemistry
51976,"Cortisol, Urine",Urine,Chemistry
51977,"Creatinine, Blood",Urine,Chemistry
51978,DirList,Urine,Chemistry
51979,"Estriol, Urine",Urine,Chemistry
51980,Fentanyl,Urine,Chemistry
51981,Glucose,Urine,Chemistry
51982,"Immunoelectrophoresis, Urine",Urine,Chemistry
51983,"Iron, Urine",Urine,Chemistry
51984,Ketone,Urine,Chemistry
51985,Leukocytes,Urine,Chemistry
51986,Neisseria gonorrhoeae,Urine,Chemistry
51987,Nitrite,Urine,Chemistry
51988,O & P,Urine,Chemistry
51989,Oxycodone,Urine,Chemistry
51990,"Phenothiazine Screen, Urine",Urine,Chemistry
51991,"Propoxyphene, Urine",Urine,Chemistry
51992,Protein,Urine,Chemistry
51993,Referred,Urine,Chemistry
51994,Specific Gravity,Urine,Chemistry
51995,Study Urine,Urine,Chemistry
51996,Trichomonas vaginalis,Urine,Chemistry
51997,UIFEgel,Urine,Chemistry
51998,UPEPgel,Urine,Chemistry
51999,Urine Amylase,Urine,Chemistry
52000,Urine  Creatinine,Urine,Chemistry
52001,"Urine PEP, Gamma region",Urine,Chemistry
52002,Urobilinogen,Urine,Chemistry
52003,Uroporphyrins,Urine,Chemistry
52004,UTX1,Urine,Chemistry
52005,UTX2,Urine,Chemistry
52006,UTX3,Urine,Chemistry
52007,UTX4,Urine,Chemistry
52008,UTX5,Urine,Chemistry
52009,UTX6,Urine,Chemistry
52010,UTX7,Urine,Chemistry
52011,UTX8,Urine,Chemistry
52012,UTX9,Urine,Chemistry
52013,Vanillylmandelic Acid,Urine,Chemistry
52014,Voided Specimen,Urine,Chemistry
52015,Xylose,Urine,Chemistry
52016,Z,Urine,Chemistry
52017,"Zinc, Urine",Urine,Chemistry
52018,PAN1,Urine,Chemistry
52019,PAN2,Urine,Chemistry
52020,UTX10,Urine,Chemistry
52021,Abz,Blood,Blood Gas
52022,"Albumin, Blood",Blood,Blood Gas
52023,Assist/Control,Blood,Blood Gas
52024,"Creatinine, Whole Blood",Blood,Blood Gas
52025,Delete,Blood,Blood Gas
52026,Estimated GFR (MDRD equation),Blood,Blood Gas
52027,"Glucose, Whole Blood",Blood,Blood Gas
52028,Hematocrit,Blood,Blood Gas
52029,% Ionized Calcium,Blood,Blood Gas
52030,Lithium,Blood,Blood Gas
52031,Osmolality,Blood,Blood Gas
52032,P50 of Hemoglobin,Blood,Blood Gas
52033,Specimen Type,Blood,Blood Gas
52034,Total Calcium,Blood,Blood Gas
52035,Total Calcium,Blood,Blood Gas
52036,Voided Specimen,Blood,Blood Gas
52037,WB tCO2,Blood,Blood Gas
52038,Base Excess,Fluid,Blood Gas
52039,Calculated Bicarbonate,Fluid,Blood Gas
52040,pCO2,Fluid,Blood Gas
52041,pH,Fluid,Blood Gas
52042,pO2,Fluid,Blood Gas
52043,Voided Specimen,Other Body Fluid,Blood Gas
52044,"Osmolality, Urine",Urine,Blood Gas
52045,"pH, Urine",Urine,Blood Gas
52046,"Potassium, Urine",Urine,Blood Gas
52047,"Sodium, Urine",Urine,Blood Gas
52048,Atyps#,Ascites,Hematology
52049,Bands#,Ascites,Hematology
52050,Basos#,Ascites,Hematology
52051,Blasts#,Ascites,Hematology
52052,Eos#,Ascites,Hematology
52053,Histio#,Ascites,Hematology
52054,Histiocyte,Ascites,Hematology
52055,Hyperseg,Ascites,Hematology
52056,Hyperseg#,Ascites,Hematology
52057,Lymphs#,Ascites,Hematology
52058,Metas#,Ascites,Hematology
52059,Monos#,Ascites,Hematology
52060,Myelos#,Ascites,Hematology
52061,Nuc Rbcs#,Ascites,Hematology
52062,Plasma#,Ascites,Hematology
52063,Polys#,Ascites,Hematology
52064,Promyelo#,Ascites,Hematology
52065,"Total Nucleated Cells, Ascites",Ascites,Hematology
52066,Voided Specimen,Ascites,Hematology
52067,Young#,Ascites,Hematology
52068,24 Hr,Blood,Hematology
52069,Absolute Basophil Count,Blood,Hematology
52070,Absolute CD19 Count,Blood,Hematology
52071,Absolute CD20 Count,Blood,Hematology
52072,Absolute CD56 Count,Blood,Hematology
52073,Absolute Eosinophil Count,Blood,Hematology
52074,Absolute Monocyte Count,Blood,Hematology
52075,Absolute Neutrophil Count,Blood,Hematology
52076,Acid Phosphatase Stain,Blood,Hematology
52077,Acidserum,Blood,Hematology
52078,Antithrombin III,Blood,Hematology
52079,ASA Tol,Blood,Hematology
52080,Asd,Blood,Hematology
52081,ASD & NA-F,Blood,Hematology
52082,Aspirin Reactivity,Blood,Hematology
52083,Autohem+g,Blood,Hematology
52084,Autohem-g,Blood,Hematology
52085,Bleed Tm,Blood,Hematology
52086,Bleed Tm,Blood,Hematology
52087,CD15/56,Blood,Hematology
52088,CD 1a,Blood,Hematology
52089,CD30,Blood,Hematology
52090,CD42,Blood,Hematology
52091,CD52,Blood,Hematology
52092,CD56 %,Blood,Hematology
52093,CD56 Absolute Count,Blood,Hematology
52094,CD61,Blood,Hematology
52095,CD62,Blood,Hematology
52096,Chloroacetate,Blood,Hematology
52097,Circ Ab,Blood,Hematology
52098,Clot Lysis,Blood,Hematology
52099,Clot Retraction,Blood,Hematology
52100,Clot Time,Blood,Hematology
52101,Cr,Blood,Hematology
52102,Crenated Cells,Blood,Hematology
52103,Cross Imm,Blood,Hematology
52104,Cryoglob,Blood,Hematology
52105,Direct Antiplatelet Antibodies,Blood,Hematology
52106,Donath-l,Blood,Hematology
52107,dRVVT - Confirmation,Blood,Hematology
52108,dRVVT - Normalized Ratio,Blood,Hematology
52109,dRVVT - Screen,Blood,Hematology
52110,DSmear,Blood,Hematology
52111,Echinocytes,Blood,Hematology
52112,Euglobulin Lysis,Blood,Hematology
52113,Factor IX Inhibitor,Blood,Hematology
52114,Factor VIII Antigen,Blood,Hematology
52115,Fibrinoge,Blood,Hematology
52116,Fibrinogen,Blood,Hematology
52117,"Fibrinogen, Immunologic",Blood,Hematology
52119,Fitzgerld,Blood,Hematology
52120,Fitzgerld,Blood,Hematology
52121,Fletcher,Blood,Hematology
52122,Fsp,Blood,Hematology
52123,"G6PD, Qualitative",Blood,Hematology
52124,G6pd Spec,Blood,Hematology
52125,Glutathione,Blood,Hematology
52126,Heinz Aph,Blood,Hematology
52127,Helmet Cells,Blood,Hematology
52128,Hemoglobin H Inclusion,Blood,Hematology
52129,Hemoglobin Other,Blood,Hematology
52130,Histiocytes,Blood,Hematology
52131,HIT-Ab Interpreted Result,Blood,Hematology
52132,HIT-Ab Numerical Result,Blood,Hematology
52133,Hmwk,Blood,Hematology
52134,IG,Blood,Hematology
52135,Immature Granulocytes,Blood,Hematology
52136,Inhibitor,Blood,Hematology
52137,Inh Scr,Blood,Hematology
52138,Kct,Blood,Hematology
52139,LE Prep,Blood,Hematology
52140,LS,Blood,Hematology
52141,Malaria Smear,Blood,Hematology
52142,Mean Platelet Volume,Blood,Hematology
52143,Methemalb,Blood,Hematology
52144,Methemoglobin,Blood,Hematology
52145,Mono Spot Test,Blood,Hematology
52146,Naphtol Acetate Stain,Blood,Hematology
52147,NEUTX,Blood,Hematology
52148,NEUTY,Blood,Hematology
52149,NFletcher,Blood,Hematology
52150,Non-Specific Esterase,Blood,Hematology
52151,NRBC,Blood,Hematology
52152,"Osmotic Fragility, Incubated",Blood,Hematology
52153,Other Inhibitor,Blood,Hematology
52154,P2Y12 Reaction Units,Blood,Hematology
52155,Periodic Acid Schiff Stain,Blood,Hematology
52156,Peroxidase Staining,Blood,Hematology
52157,Plasma Hemoglobin,Blood,Hematology
52158,Plasminogen,Blood,Hematology
52159,Platelet Aggregation,Blood,Hematology
52160,Prekallekrein,Blood,Hematology
52161,Problem Specimen,Blood,Hematology
52162,Protein S,Blood,Hematology
52163,PT Control,Blood,Hematology
52164,PT Mean,Blood,Hematology
52165,PTT Control,Blood,Hematology
52166,PTT-LA,Blood,Hematology
52167,PTT mea,Blood,Hematology
52168,Pyruvate Kinase,Blood,Hematology
52169,QFib,Blood,Hematology
52170, Rbc,Blood,Hematology
52171,RBC Morphology,Blood,Hematology
52172,RDW-SD,Blood,Hematology
52173,Red Blood Cell Enzyme,Blood,Hematology
52174,"Reptilase Time, Control",Blood,Hematology
52175,Ristocetin Response,Blood,Hematology
52176,Rouleaux,Blood,Hematology
52177,SCT - Confirmation,Blood,Hematology
52178,SCT - Normalized Ratio,Blood,Hematology
52179,SCT - Screen,Blood,Hematology
52180,STA-CLOT,Blood,Hematology
52181,Stomatocyte,Blood,Hematology
52182,Sudan Black Staining,Blood,Hematology
52183,Sulf Hgb,Blood,Hematology
52184,TCR Alpha-Beta,Blood,Hematology
52185,TCR Gamma-Delta,Blood,Hematology
52186,Test,Blood,Hematology
52187,Thrombin Time,Blood,Hematology
52188,Thrombin Time Control,Blood,Hematology
52189,Thrombin Time Control,Blood,Hematology
52190,Tissue Thromboplastin Inhibitor,Blood,Hematology
52191,Tr- Acid,Blood,Hematology
52192,Trap Stain,Blood,Hematology
52193,Viii Ag,Blood,Hematology
52194,VIII-CIE,Blood,Hematology
52195,Voided Specimen,Blood,Hematology
52196,WAM Manual Diff,Blood,Hematology
52197,WAM MANUAL DIFF 2,Blood,Hematology
52198,ErytFlg,Blood,Hematology
52199,FragFlg,Blood,Hematology
52200,PltDist,Blood,Hematology
52201,PltScat,Blood,Hematology
52202,PltClmp,Blood,Hematology
52203,RBCAgg,Blood,Hematology
52204,RBCDist,Blood,Hematology
52205,RetScat,Blood,Hematology
52206,RetFlg,Blood,Hematology
52207,TurbHbI,Blood,Hematology
52208,BasoFlg,Blood,Hematology
52209,EosFlg,Blood,Hematology
52210,LeftShf,Blood,Hematology
52211,LymFlg,Blood,Hematology
52212,MonoFlg,Blood,Hematology
52213,NRBCFlg,Blood,Hematology
52214,AbnLymp,Blood,Hematology
52215,ATLFlg,Blood,Hematology
52216,BlasFlg,Blood,Hematology
52217,Bl/AbLy,Blood,Hematology
52218,IG Flg,Blood,Hematology
52219,WBCScat,Blood,Hematology
52220,wbcp,Blood,Hematology
52221,Atypical Lymphocytes,Cerebrospinal Fluid,Hematology
52222,Atyps#,Cerebrospinal Fluid,Hematology
52223,Bands,Cerebrospinal Fluid,Hematology
52224,Bands#,Cerebrospinal Fluid,Hematology
52225,Basophils,Cerebrospinal Fluid,Hematology
52226,Basos#,Cerebrospinal Fluid,Hematology
52227,Blasts,Cerebrospinal Fluid,Hematology
52228,Blasts#,Cerebrospinal Fluid,Hematology
52229,Delete,Cerebrospinal Fluid,Hematology
52230,Delete,Cerebrospinal Fluid,Hematology
52231,Delete,Cerebrospinal Fluid,Hematology
52232,Delete,Cerebrospinal Fluid,Hematology
52233,Delete,Cerebrospinal Fluid,Hematology
52234,Delete,Cerebrospinal Fluid,Hematology
52235,Delete,Cerebrospinal Fluid,Hematology
52236,Delete,Cerebrospinal Fluid,Hematology
52237,Delete,Cerebrospinal Fluid,Hematology
52238,Delete,Cerebrospinal Fluid,Hematology
52239,Delete,Cerebrospinal Fluid,Hematology
52240,Delete,Cerebrospinal Fluid,Hematology
52241,Delete,Cerebrospinal Fluid,Hematology
52242,Delete,Cerebrospinal Fluid,Hematology
52243,Delete,Cerebrospinal Fluid,Hematology
52244,Delete,Cerebrospinal Fluid,Hematology
52245,Delete,Cerebrospinal Fluid,Hematology
52246,Delete,Cerebrospinal Fluid,Hematology
52247,Delete,Cerebrospinal Fluid,Hematology
52248,Delete,Cerebrospinal Fluid,Hematology
52249,Delete,Cerebrospinal Fluid,Hematology
52250,Delete,Cerebrospinal Fluid,Hematology
52251,Delete,Cerebrospinal Fluid,Hematology
52252,Delete,Cerebrospinal Fluid,Hematology
52253,Delete,Cerebrospinal Fluid,Hematology
52254,Delete,Cerebrospinal Fluid,Hematology
52255,Eos#,Cerebrospinal Fluid,Hematology
52256,Eosinophils,Cerebrospinal Fluid,Hematology
52257,"Hematocrit, CSF",Cerebrospinal Fluid,Hematology
52258,Histiocyte,Cerebrospinal Fluid,Hematology
52260,Hypersegmented Neutrophils,Cerebrospinal Fluid,Hematology
52261,Hypersegmented Neutrophils #,Cerebrospinal Fluid,Hematology
52262,Immunophenotyping,Cerebrospinal Fluid,Hematology
52263,Lining Cell,Cerebrospinal Fluid,Hematology
52264,Lymphs,Cerebrospinal Fluid,Hematology
52265,Lymphs#,Cerebrospinal Fluid,Hematology
52266,Macrophage,Cerebrospinal Fluid,Hematology
52267,Macrophage#,Cerebrospinal Fluid,Hematology
52268,Mesothelial cells,Cerebrospinal Fluid,Hematology
52269,Mesothelial cells #,Cerebrospinal Fluid,Hematology
52270,Metamyelocytes,Cerebrospinal Fluid,Hematology
52271,Metas#,Cerebrospinal Fluid,Hematology
52272,Monocytes,Cerebrospinal Fluid,Hematology
52273,Monos#,Cerebrospinal Fluid,Hematology
52274,Myelocytes,Cerebrospinal Fluid,Hematology
52276,NRBC,Cerebrospinal Fluid,Hematology
52277,NRBC#,Cerebrospinal Fluid,Hematology
52278,Other,Cerebrospinal Fluid,Hematology
52279,Plasma,Cerebrospinal Fluid,Hematology
52280,Plasma#,Cerebrospinal Fluid,Hematology
52281,Polys,Cerebrospinal Fluid,Hematology
52282,Polys#,Cerebrospinal Fluid,Hematology
52283,Promyelocytes,Cerebrospinal Fluid,Hematology
52284,Promyelocytes#,Cerebrospinal Fluid,Hematology
52285,"RBC, CSF",Cerebrospinal Fluid,Hematology
52286,"Total Nucleated Cells, CSF",Cerebrospinal Fluid,Hematology
52287,Voided Specimen,Cerebrospinal Fluid,Hematology
52288,Young,Cerebrospinal Fluid,Hematology
52289,Young#,Cerebrospinal Fluid,Hematology
52290,Dna,I,Hematology
52291,Atyps#,Joint Fluid,Hematology
52292,Bands#,Joint Fluid,Hematology
52293,Basos#,Joint Fluid,Hematology
52294,Blasts,Joint Fluid,Hematology
52295,Blasts#,Joint Fluid,Hematology
52296,Eos#,Joint Fluid,Hematology
52297,Histio#,Joint Fluid,Hematology
52298,Histiocyte,Joint Fluid,Hematology
52299,Hypersegmented Neutrophils,Joint Fluid,Hematology
52300,Hypersegmented Neutrophils #,Joint Fluid,Hematology
52301,Lining Cell,Joint Fluid,Hematology
52302,Lymphs#,Joint Fluid,Hematology
52303,Metas#,Joint Fluid,Hematology
52304,Monos#,Joint Fluid,Hematology
52305,Myelocytes,Joint Fluid,Hematology
52306,Myelos#,Joint Fluid,Hematology
52307,Plasma,Joint Fluid,Hematology
52308,Plasma#,Joint Fluid,Hematology
52309,Polys#,Joint Fluid,Hematology
52310,Promyelo#,Joint Fluid,Hematology
52311,Promyelocytes,Joint Fluid,Hematology
52312,"Total Nucleated Cells, Joint",Joint Fluid,Hematology
52313,Voided Specimen,Joint Fluid,Hematology
52314,Young,Joint Fluid,Hematology
52315,Young#,Joint Fluid,Hematology
52316,Acid Phosphatase Stain,Bone Marrow,Hematology
52317,Asd,Bone Marrow,Hematology
52318,Asd&na-f,Bone Marrow,Hematology
52319,CD 1a,Bone Marrow,Hematology
52320,CD30,Bone Marrow,Hematology
52321,CD42,Bone Marrow,Hematology
52322,CD52,Bone Marrow,Hematology
52323,CD61,Bone Marrow,Hematology
52324,CD62,Bone Marrow,Hematology
52325,Chloroacetate Esterase,Bone Marrow,Hematology
52326,Naphthol Acetate Stain,Bone Marrow,Hematology
52327,Naphthol Butryrate,Bone Marrow,Hematology
52328,Periodic Schiff Stain,Bone Marrow,Hematology
52329,Peroxidase Stain,Bone Marrow,Hematology
52330,Sudan Black Stain,Bone Marrow,Hematology
52331,TCR Alpha-Beta,Bone Marrow,Hematology
52332,TCR Gamma-Delta,Bone Marrow,Hematology
52333,Tr-acid,Bone Marrow,Hematology
52334,Voided Specimen,Bone Marrow,Hematology
52335,TdT,Bone Marrow,Hematology
52336,Atyps#,Other Body Fluid,Hematology
52337,Bands#,Other Body Fluid,Hematology
52338,Basos#,Other Body Fluid,Hematology
52339,Blasts,Other Body Fluid,Hematology
52340,Blasts#,Other Body Fluid,Hematology
52341,CD 1a,Other Body Fluid,Hematology
52342,CD30,Other Body Fluid,Hematology
52343,CD42,Other Body Fluid,Hematology
52344,CD52,Other Body Fluid,Hematology
52345,CD55,Other Body Fluid,Hematology
52346,CD59,Other Body Fluid,Hematology
52347,CD61,Other Body Fluid,Hematology
52348,CD62,Other Body Fluid,Hematology
52349,Chloroac,Other Body Fluid,Hematology
52350,Eos#,Other Body Fluid,Hematology
52351,Fetal Hgb,Other Body Fluid,Hematology
52352,FETAL LUNG MATURITY - LBC,Other Body Fluid,Hematology
52353,Histiocyte#,Other Body Fluid,Hematology
52354,Histiocytes,Other Body Fluid,Hematology
52355,Hypersegmented Neutrophils,Other Body Fluid,Hematology
52356,Hypersegmented Neutrophils#,Other Body Fluid,Hematology
52357,Iron,Other Body Fluid,Hematology
52358,Lining Cell,Other Body Fluid,Hematology
52359,Lymphs#,Other Body Fluid,Hematology
52360,Metamyelocytes#,Other Body Fluid,Hematology
52361,Monos#,Other Body Fluid,Hematology
52362,Myelos#,Other Body Fluid,Hematology
52363,NRBC#,Other Body Fluid,Hematology
52364,Plasma#,Other Body Fluid,Hematology
52365,Polys#,Other Body Fluid,Hematology
52366,Promyelocyte#,Other Body Fluid,Hematology
52367,TCR Alpha-Beta,Other Body Fluid,Hematology
52368,TCR Gamma-Delta,Other Body Fluid,Hematology
52369,"Total Nucleated Cells, Other",Other Body Fluid,Hematology
52370,Voided Specimen,Other Body Fluid,Hematology
52371,Young,Other Body Fluid,Hematology
52372,Young#,Other Body Fluid,Hematology
52373,TdT,Other Body Fluid,Hematology
52374,,Other Body Fluid,Hematology
52375,Atyps#,Pleural,Hematology
52376,Bands#,Pleural,Hematology
52377,Basos#,Pleural,Hematology
52378,Blasts#,Pleural,Hematology
52379,Eos#,Pleural,Hematology
52380,Histiocyte#,Pleural,Hematology
52381,Histiocytes,Pleural,Hematology
52382,Hypersegmented  Neutrophils#,Pleural,Hematology
52383,Hypersegmented Neutrophils,Pleural,Hematology
52384,Lymphs#,Pleural,Hematology
52385,Metas#,Pleural,Hematology
52386,Monos#,Pleural,Hematology
52387,Myelos#,Pleural,Hematology
52388,Plasma#,Pleural,Hematology
52389,Polys#,Pleural,Hematology
52390,Promyelocytes#,Pleural,Hematology
52391,"Total Nucleated Cells, Pleural",Pleural,Hematology
52392,Voided Specimen,Pleural,Hematology
52393,Young#,Pleural,Hematology
52394,FL1-D,Q,Hematology
52395,FL1-%FL2,Q,Hematology
52396,FL1-S,Q,Hematology
52397,FL2-D,Q,Hematology
52398,FL2-%FL1,Q,Hematology
52399,FL2-S,Q,Hematology
52400,FSC-S,Q,Hematology
52401,SSC-D,Q,Hematology
52402,SSC-S,Q,Hematology
52403,Bile,Stool,Hematology
52404,Fat,Stool,Hematology
52405,Prblm,Stool,Hematology
52406,Voided Specimen,Stool,Hematology
52407,WBC,Stool,Hematology
52408,Bacturia,Urine,Hematology
52409,Budding Yeast,Urine,Hematology
52410,Fatty Casts,Urine,Hematology
52411,Hgb,Urine,Hematology
52412,HPF,Urine,Hematology
52413,Leuks,Urine,Hematology
52414,LEUKS,Urine,Hematology
52415,LPF,Urine,Hematology
52416,Myoglobin,Urine,Hematology
52417,Pku,Urine,Hematology
52418,Problem Specimen,Urine,Hematology
52419,Voided Specimen,Urine,Hematology
52420,ZZDUMMY,Urine,Hematology
52421,GATE,Urine,Hematology
52422,RUN,Urine,Hematology
52423,SKIP,Urine,Hematology
52424,RFXUCU,Urine,Hematology
52425,XUCU,Urine,Hematology
52426,UCU1,Urine,Hematology
52427,UCU2,Urine,Hematology
52434,"Chloride, Whole Blood",Blood,Blood Gas
52442,Lactate,Blood,Blood Gas
52452,"Potassium, Whole Blood",Blood,Blood Gas
52455,"Sodium, Whole Blood",Blood,Blood Gas
52500,Anion Gap,Blood,Chemistry
52535,Chloride,Blood,Chemistry
52546,Creatinine,Blood,Chemistry
52548,Cryoglobulin,Blood,Chemistry
52551,D-Dimer,Blood,Chemistry
52562,Folate,Blood,Chemistry
52569,Glucose,Blood,Chemistry
52610,Potassium,Blood,Chemistry
52623,Sodium,Blood,Chemistry
52642,Troponin I,Blood,Chemistry
52647,Urea Nitrogen,Blood,Chemistry
52703,"Albumin, Urine",Urine,Chemistry
52720,"HCG, Urine, Qualitative",Urine,Chemistry
52730,pH,Urine,Chemistry
52769,Absolute Lymphocyte Count,Blood,Hematology
52786,Bleeding Time,Blood,Hematology
52838,Factor II,Blood,Hematology
52840,Factor IX,Blood,Hematology
52842,Factor V,Blood,Hematology
52844,Factor VII,Blood,Hematology
52846,Factor VIII,Blood,Hematology
52849,Factor X,Blood,Hematology
52851,Factor XI,Blood,Hematology
52853,Factor XII,Blood,Hematology
52855,Factor XIII,Blood,Hematology
52858,Fibrin Degradation Products,Blood,Hematology
52889,Lupus Anticoagulant,Blood,Hematology
52921,PT,Blood,Hematology
52923,PTT,Blood,Hematology
52929,Reptilase Time,Blood,Hematology
52934,"Reticulocyte Count, Manual",Blood,Hematology
52948,Thrombin,Blood,Hematology
52955,CD10,Bone Marrow,Hematology
52992,Iron Stain,Bone Marrow,Hematology
53012,NRBC,Joint Fluid,Hematology
53083,NRBC,Pleural,Hematology
53084,Alanine Aminotransferase,Blood,Chemistry
53085,Albumin,Blood,Chemistry
53086,Alkaline Phosphatase,Blood,Chemistry
53087,Amylase,Blood,Chemistry
53088,Asparate Aminotransferase,Blood,Chemistry
53089,"Bilirubin, Total",Blood,Chemistry
53093,Gamma Glutamyltranferase,Blood,Chemistry
53094,HBV VL CT,Blood,Chemistry
53095,Lyme VsIE/PepC10 Antibody,Blood,Chemistry
53096,"Protein, Total",Blood,Chemistry
53097,COV10,Other Body Fluid,Chemistry
53098,COV11,Other Body Fluid,Chemistry
53099,COV12,Other Body Fluid,Chemistry
53100,COV13,Other Body Fluid,Chemistry
53104,"COVID-19, RAPID ANTIGEN",Other Body Fluid,Chemistry
53105,E GENE CT,Other Body Fluid,Chemistry
53106,E GENE ENDPT,Other Body Fluid,Chemistry
53107,FLUA1,Other Body Fluid,Chemistry
53108,FLUA2,Other Body Fluid,Chemistry
53109,FLUB1,Other Body Fluid,Chemistry
53110,FLUB2,Other Body Fluid,Chemistry
53111,N2 GENE CT,Other Body Fluid,Chemistry
53112,N2 GENE ENDPT,Other Body Fluid,Chemistry
53113,Rapid Respiratory Syncytial Virus,Other Body Fluid,Chemistry
53114,RSV1,Other Body Fluid,Chemistry
53115,RSV2,Other Body Fluid,Chemistry
53116,(Albumin),Ascites,Chemistry
53117,Alpha-1,Ascites,Chemistry
53118,Alpha-2,Ascites,Chemistry
53119,Beta,Ascites,Chemistry
53120,Clostrid,Ascites,Chemistry
53121,Cryptococ,Ascites,Chemistry
53122,Fl Scan,Ascites,Chemistry
53123,"Immunoelectrophoresis, Ascites",Ascites,Chemistry
53124,"Immunoglobulin G, Ascites",Ascites,Chemistry
53125,"PEP, Ascites, Gamma Region",Ascites,Chemistry
53126,"Uric Acid, Ascites",Ascites,Chemistry
53127,Voided Specimen,Ascites,Chemistry
53128,11-Deoxycorticosterone,Blood,Chemistry
53129,3t,Blood,Chemistry
53130,4t,Blood,Chemistry
53131,5' Nucleotidase,Blood,Chemistry
53132,Absolute Lymphocyte Count,Blood,Chemistry
53133,Absolute Neutrophil,Blood,Chemistry
53134,Absolute Other WBC,Blood,Chemistry
53135,"Acid Phosphatase, Prostatic Fraction",Blood,Chemistry
53136,Adrenocorticotrophic Hormone,Blood,Chemistry
53137,Afp Mom,Blood,Chemistry
53138,(Albumin),Blood,Chemistry
53139,Aldosterone,Blood,Chemistry
53140,Aldosterone,Blood,Chemistry
53141,Alpha-1,Blood,Chemistry
53142,Alpha-1-antitrypsin,Blood,Chemistry
53143,Alpha-2,Blood,Chemistry
53144,ANCA Titer,Blood,Chemistry
53145,Anti-GBM Antibody,Blood,Chemistry
53146,Anti Hav,Blood,Chemistry
53147,Anti Hbc,Blood,Chemistry
53148,Anti Hbe,Blood,Chemistry
53149,Anti-hbs,Blood,Chemistry
53150,Anti Hbs,Blood,Chemistry
53151,Anti-la,Blood,Chemistry
53152,HIV FINAL,Blood,Chemistry
