id,COMPONENT,PROPERTY,TIME_ASPCT,SYSTEM,SCALE_TYP,METHOD_TYP,CLASS,label,SHORTNAME
11487-6,Consultation request.total,Find,Pt,^Patient,Nar,,ATTACH.CLINRPT,Consultation request (narrative),
11489-2,Dictating practitioner ID,ID,Pt,Provider,Nom,,ATTACH.CLINRPT,Dictating practitioner identifier,
15509-3,Rationale for scheduled transport,Type,Pt,Ambulance transport,Nom,,ATTACH.AMB,"Ambulance transport, Rationale for scheduled transport",
15510-1,Distance transported,Len,Pt,Ambulance transport,Qn,,ATTACH.AMB,"Ambulance transport, Distance transported Length",
15511-9,Origination site information,Cmplx,Pt,Ambulance transport,Set,,ATTACH.AMB,"Ambulance transport, Origination site information Set",
15512-7,Destination site information,Cmplx,Pt,Ambulance transport,Set,,ATTACH.AMB,"Ambulance transport, Destination site information Set",
15513-5,Reason for scheduled trip,Cmplx,Pt,Ambulance transport,Set,,ATTACH.AMB,"Ambulance transport, Reason for scheduled trip Set",
15514-3,Ordering practitioner ID,Type,Pt,Ambulance transport,Nom,,ATTACH.AMB,"Ambulance transport, Ordering practitioner identifier type",
15515-0,Medical reason for transport,Imp,Pt,Ambulance transport,Nom,,ATTACH.AMB,"Ambulance transport, Medical reason for transport",
15516-8,Justification for extra attendants,Type,Pt,Ambulance transport,Nom,,ATTACH.AMB,"Ambulance transport, Justification for extra attendants",
15517-6,Transport direction,Type,Pt,Ambulance transport,Nom,,ATTACH.AMB,"Ambulance transport, Transport direction",
18580-1,Origination site,Type,Pt,Ambulance transport,Nom,,ATTACH.AMB,"Ambulance transport, Origination site",
18581-9,Origination site,Addr,Pt,Ambulance transport,Nom,,ATTACH.AMB,"Ambulance transport, Origination site Address",
18582-7,Destination site,Type,Pt,Ambulance transport,Nom,,ATTACH.AMB,"Ambulance transport, Destination site Name",
18583-5,Destination site,Addr,Pt,Ambulance transport,Nom,,ATTACH.AMB,"Ambulance transport, Destination site Address",
18584-3,Body weight^at ambulance transport,Cmplx,Pt,^Patient,Set,,ATTACH.AMB,Body weight at ambulance transport Set,
18588-4,Purpose of stretcher,Find,Pt,Ambulance transport,Nar,,ATTACH.AMB,"Ambulance transport, Purpose of stretcher (narrative)",
18591-8,Confined to bed^before Ambulance transport,Find,Pt,^Patient,Ord,,ATTACH.AMB,Confined to bed before ambulance transport,
18592-6,Confined to bed^after Ambulance transport,Find,Pt,^Patient,Ord,,ATTACH.AMB,Confined to bed after ambulance transport,
18593-4,Discharged from origin institution,Find,Pt,Ambulance transport,Ord,,ATTACH.AMB,"Ambulance transport, Discharged from origin institution",
18598-3,Control number identification.claims attachment,ID,Pt,^Patient,Nom,,ATTACH,Control number identification.claims attachment,
18600-7,Primary practitioner ID,ID,Pt,Provider,Nom,,ATTACH,Primary practitioner identifier,
18601-5,Primary practitioner profession,Type,Pt,Provider,Nom,,ATTACH,Primary practitioner profession,
18602-3,ED practitioner ID,ID,Pt,Provider,Nom,,ATTACH,ED practitioner identifier,
18605-6,Medication.current,Cmplx,Pt,^Patient,Set,Reported,ATTACH.MEDS,Medication current Set,
18606-4,Name + ID,ID,Pt,Medication.current,Nom,,ATTACH.MEDS,"Current medication, Name and Identifier",
18607-2,Medication XXX,Dosage,Pt,Medication.current,Qn,,ATTACH.MEDS,Current medication Dose,
18608-0,Timing + Quantity,TQ2,Pt,Medication.current,Qn,,ATTACH.MEDS,"Current medication, Timing + Quantity",
18609-8,Route,Prid,Pt,Medication.current,Nom,,ATTACH.MEDS,"Current medication, Route",
18610-6,Medication.administered,Cmplx,Pt,^Patient,Set,,ATTACH.MEDS,Medication administered Set,
18611-4,Name + ID,ID,Pt,Medication.administered,Nom,,ATTACH.MEDS,"Administered medication, Name and Identifier",
18612-2,Route,Prid,Pt,Medication.administered,Nom,,ATTACH.MEDS,"Administered medication, Route",
18614-8,Timing,TQ2,Pt,Medication.administered,Qn,,ATTACH.MEDS,"Administered medication, Timing",
18615-5,Medication XXX,Dosage,Pt,Medication.administered,Qn,,ATTACH.MEDS,Medication administered Dose,
18616-3,Strength,Prid,Pt,Medication.administered,Nom,,ATTACH.MEDS,"Administered medication, Strength",
18617-1,Medication.discharge,Cmplx,Pt,^Patient,Set,,ATTACH.MEDS,Medication discharge Set,
18618-9,Name + ID,ID,Pt,Medication.discharge,Nom,,ATTACH.MEDS,"Discharge medication, Name and Identifier",
18619-7,Medication XXX,Dosage,Pt,Medication.discharge,Qn,,ATTACH.MEDS,Discharge medication Dose,
18620-5,Timing + Quantity,TQ2,Pt,Medication.discharge,Qn,,ATTACH.MEDS,"Discharge medication, Timing + Quantity",
18621-3,Route,Prid,Pt,Medication.discharge,Nom,,ATTACH.MEDS,"Discharge medication, Route",
18622-1,Amount dispensed,Num,Pt,Medication.discharge,Qn,,ATTACH.MEDS,"Discharge medication, Amount dispensed",
18623-9,Refills,Num,Pt,Medication.discharge,Qn,,ATTACH.MEDS,"Discharge medication, Refills",
18624-7,ED problem,Find,Pt,^Patient,Nar,Reported,ATTACH.ED,ED problem (narrative),
18630-4,Diagnosis.primary,Imp,Pt,^Patient,Nom,,ATTACH.REHAB,Primary diagnosis,
18632-0,Author of treatment plan,Cmplx,Pt,Psychiatric rehabilitation treatment plan,Set,,ATTACH.REHAB.PSYCH,"Psychiatric rehabilitation treatment plan, Author of treatment plan Set",
18639-5,Date range (from_through) described by plan,Cmplx,Pt,Psychiatric rehabilitation treatment plan,Set,,ATTACH.REHAB.PSYCH,"Psychiatric rehabilitation treatment plan, Date range (from/through) described by plan Set",
18642-9,Date range,Cmplx,Enctr,Psychiatric rehabilitation treatment plan,Set,,ATTACH.REHAB.PSYCH,"Psychiatric rehabilitation treatment plan, Date range (from/through) Set",
18651-0,Medication administered,Cmplx,Pt,Psychiatric rehabilitation treatment,Set,,ATTACH.REHAB.PSYCH,"Psychiatric rehabilitation treatment plan, Medication administered Set",
18663-5,History of present alcohol &or substance abuse,Hx,Pt,^Patient,Nar,,ATTACH.REHAB.ABUSE,"Alcohol-substance abuse, rehabilitation plan, History of present alcohol/substance abuse (narrative)",
18664-3,Follow-up approach,Cmplx,Pt,Rehabilitation treatment plan,Set,,ATTACH.REHAB.ABUSE,"Rehabilitation treatment plan, Follow-up approach Set",
18670-0,Date of next planned rehabilitation treatment,Cmplx,Pt,Rehabilitation treatment plan,Set,,ATTACH.REHAB.ABUSE,"Rehabilitation treatment plan, Date of next planned rehabilitation treatment Set",
18672-6,Alcohol or substance abuse symptoms with physiological dependence indicator,Find,Pt,^Patient,Ord,,ATTACH.REHAB.ABUSE,Alcohol or substance abuse symptoms with physiological dependence indicator,
18674-2,Longest period of sobriety for abused substance,Time,Pt,^Patient,Set,,ATTACH.REHAB.ABUSE,"Alcohol-substance abuse rehabilitation treatment plan, longest period of sobriety for abused substance (composite)",
18675-9,Substance abused,Type,Pt,^Patient,Nar,,ATTACH.REHAB.ABUSE,"Alcohol-substance abuse rehabilitation treatment plan, abused substance",
18676-7,Longest period of sobriety,Time,Pt,^Patient,Qn,,ATTACH.REHAB.ABUSE,"Alcohol-substance abuse rehabilitation treatment plan, longest period of sobriety",
18679-1,ED claims attachment,Cmplx,Enctr,^Patient,Set,,ATTACH.ED,ED claims attachment (composite),
18684-1,Blood pressure,Cmplx,Enctr^frst,^Patient,Set,,ATTACH.ED,First Blood pressure Set,
18685-8,Blood pressure special circumstances,Type,Enctr^frst,^Patient,Nom,,ATTACH.ED,First Blood pressure special circumstances,
18686-6,Respiration rate,Cmplx,Enctr^frst,^Patient,Set,,ATTACH.ED,First Respiration rate Set,
18687-4,Respiration rate special circumstances,Type,Enctr^frst,^Patient,Nom,,ATTACH.ED,First Respiration rate special circumstances,
18688-2,Body temperature,Cmplx,Enctr^frst,^Patient,Set,,ATTACH.ED,First Body temperature Set,
18689-0,Body temperature special circumstances,Type,Enctr^frst,^Patient,Nom,,ATTACH.ED,First Body temperature special circumstances,
18690-8,Body weight,Cmplx,Enctr^frst,^Patient,Set,,ATTACH.ED,First Body weight Set,
18692-4,Body weight special circumstances,Type,Enctr^frst,^Patient,Nom,,ATTACH.ED,First Body weight special circumstances,
18693-2,ED consultant practitioner,Cmplx,Pt,Provider,Set,,ATTACH.ED,ED consultant practitioner Set,
18694-0,ED consultant practitioner name,Pn,Pt,Provider,Nom,,ATTACH.ED,ED consultant practitioner name,
18695-7,ED clinical finding type,Type,Pt,^Patient,Nom,,ATTACH.ED,ED clinical finding type,
18696-5,ED clinical finding,Find,Pt,^Patient,Nar,,ATTACH.ED,ED clinical finding (narrative),
18697-3,ED clinical finding data source,Type,Pt,^Patient,Nom,,ATTACH.ED,ED clinical finding data source,
18698-1,ED clinical finding information,Cmplx,Pt,^Patient,Set,,ATTACH.ED,ED clinical finding (composite),
18699-9,ED practitioner,Cmplx,Pt,Provider,Set,,ATTACH.ED,ED practitioner Set,
18700-5,ED practitioner name,Pn,Pt,Provider,Nom,,ATTACH.ED,ED practitioner name,
18701-3,ED practitioner profession,Type,Pt,Provider,Nom,,ATTACH.ED,ED practitioner profession,
18702-1,ED practitioner role,Type,Pt,Provider,Nom,,ATTACH.ED,ED practitioner role,
18703-9,ED diagnostic procedure results,Cmplx,Pt,^Patient,Set,,ATTACH.ED,ED diagnostic procedure results Set,
18704-7,ED referring practitioner,Cmplx,Pt,Provider,Set,,ATTACH.ED,ED referring practitioner Set,
18705-4,ED referring practitioner name,Pn,Pt,Provider,Nom,,ATTACH.ED,ED referring practitioner name,
18706-2,ED referring practitioner ID,ID,Pt,Provider,Nom,,ATTACH.ED,ED referring practitioner identifier,
18707-0,ED referring practitioner profession,Type,Pt,Provider,Nom,,ATTACH.ED,ED referring practitioner profession,
18708-8,Heart rate,Cmplx,Enctr^frst,Arterial system,Set,,ATTACH.ED,First Heart rate Set,
18709-6,Heart rate special circumstances,Type,Enctr^frst,^Patient,Nom,,ATTACH.ED,First Heart rate special circumstances,
18710-4,Primary practitioner,Cmplx,Pt,Provider,Set,,ATTACH.ED,Primary practitioner Set,
18711-2,Primary practitioner name,Pn,Pt,Provider,Nom,,ATTACH.ED,Primary practitioner name,
18716-1,Allergy studies,Cmplx,-,^Patient,Set,,ATTACH.LAB,Allergy studies (set),
18717-9,Blood bank studies,Cmplx,-,^Patient,Set,,ATTACH.LAB,Blood bank studies (set),
18718-7,Cell marker studies,Cmplx,-,^Patient,Set,,ATTACH.LAB,Cell marker studies (set),
18719-5,Chemistry studies,Cmplx,-,^Patient,Set,,ATTACH.LAB,Chemistry studies (set),
18720-3,Coagulation studies,Cmplx,-,^Patient,Set,,ATTACH.LAB,Coagulation studies (set),
18721-1,Therapeutic drug monitoring studies,Cmplx,-,^Patient,Set,,ATTACH.LAB,Therapeutic drug monitoring studies (set),
18722-9,Fertility studies,Cmplx,-,^Patient,Set,,ATTACH.LAB,Fertility studies (set),
18723-7,Hematology studies,Cmplx,-,^Patient,Set,,ATTACH.LAB,Hematology studies (set),
18724-5,HLA studies,Cmplx,-,^Patient,Set,,ATTACH.LAB,HLA studies (set),
18725-2,Microbiology studies,Cmplx,-,^Patient,Set,,ATTACH.LAB,Microbiology studies (set),
18726-0,Radiology studies,Cmplx,-,^Patient,Set,,ATTACH.CLINRPT,Radiology studies (set),
18727-8,Serology studies,Cmplx,-,^Patient,Set,,ATTACH.LAB,Serology studies (set),
18728-6,Toxicology studies,Cmplx,-,^Patient,Set,,ATTACH.LAB,Toxicology studies (set),
18729-4,Urinalysis studies,Cmplx,-,^Patient,Set,,ATTACH.LAB,Urinalysis studies (set),
18767-4,Blood gas studies,Cmplx,-,^Patient,Set,,ATTACH.LAB,Blood gas studies (set),
18768-2,Cell counts+Differential studies,Cmplx,-,^Patient,Set,,ATTACH.LAB,Cell counts+Differential studies (set),
18769-0,Microbial susceptibility tests,Susc,Pt,^Patient,Set,,ATTACH.LAB,Microbial susceptibility tests Set,
18770-8,Dictating practitioner name,Pn,Pt,Provider,Nom,,ATTACH.CLINRPT,Dictating practitioner name,
18772-4,Surgeon.resident name,Pn,Pt,Surgical procedure,Nom,,ATTACH.CLINRPT,Surgeon.resident name,
18773-2,Surgeon.staff name,Pn,Pt,Surgical procedure,Nom,,ATTACH.CLINRPT,Surgeon.staff name,
18774-0,Staff practitioner name,Pn,Pt,Provider,Nom,,ATTACH.CLINRPT,Staff practitioner name,
18775-7,Staff practitioner ID,ID,Pt,Provider,Nom,,ATTACH.CLINRPT,Staff practitioner identifier,
18779-9,Comparison.study,TmStp,Pt,XXX,Qn,Radiology,ATTACH.CLINRPT,Radiology Comparison study - date and time,
18780-7,Ordering practitioner ID,Type,Pt,Provider,Nom,,ATTACH.CLINRPT,Ordering practitioner identifier,
18781-5,Ordering practitioner name,Pn,Pt,Provider,Nom,,ATTACH.CLINRPT,Ordering practitioner name,
18782-3,Study observation,Find,Pt,XXX,Nar,Radiology,ATTACH.CLINRPT,Radiology Study observation (narrative),
18783-1,Study recommendation,Imp,Pt,^Patient,Nar,Radiology,ATTACH.CLINRPT,Radiology Study recommendation (narrative),
18785-6,Reason for study,Find,Pt,Report,Nar,Radiology,ATTACH.CLINRPT,Radiology Reason for study (narrative),
18789-8,Include all data of the selected type within the date window associated with the service,Scope.modifier.selection item,Pt,X12^277,-,,ATTACH.MODIFIER,Include all data of the selected type within the date window associated with the service,
18790-6,Include all data of the selected type on or before the date of service,Scope.modifier.selection item,Pt,X12^277,-,,ATTACH.MODIFIER,Include all data of the selected type on or before the date of service,
18791-4,Include all data of the selected type within or aligned to an encounter by the same service or encounter,Scope.modifier.selection item,Pt,X12^277,-,,ATTACH.MODIFIER,Include all data of the selected type within or aligned to an encounter by the same service or encounter,
18792-2,Include all data of the selected type on or after the date of service,Scope.modifier.selection item,Pt,X12^277,-,,ATTACH.MODIFIER,Include all data of the selected type on or after the date of service,
18793-0,Use no fixed time limit on data (any of the selected type are relevant no matter when obtained),Scope.modifier.selection item,Pt,X12^277,-,,ATTACH.MODIFIER,Use no fixed time limit on data (any of the selected type are relevant no matter when obtained),
18803-7,Include all data of the selected type that represents observations made 30D or fewer before the starting date of service,Scope.modifier.time window,Pt,X12^277,-,,ATTACH.MODIFIER,Include all data of the selected type that represents observations made 30 days or fewer before the starting date of service,
18804-5,Include all data of the selected type that represents observations made 3Mo or fewer before the starting date of service,Scope.modifier.time window,Pt,X12^277,-,,ATTACH.MODIFIER,Include all data of the selected type that represents observations made 3 months or fewer before the starting date of service,
18805-2,Include all data of the selected type that represents observations made six Mo or fewer before the starting date of service,Scope.modifier.time window,Pt,X12^277,-,,ATTACH.MODIFIER,Include all data of the selected type that represents observations made six months or fewer before the starting date of service,
18806-0,Include all data of the selected type that represents observations made nine Mo or fewer before the starting date of service,Scope.modifier.time window,Pt,X12^277,-,,ATTACH.MODIFIER,Include all data of the selected type that represents observations made nine months or fewer before the starting date of service,
18807-8,Include all data of the selected type that represents observations made one year or less before the starting date of service,Scope.modifier.time window,Pt,X12^277,-,,ATTACH.MODIFIER,Include all data of the selected type that represents observations made one year or less before the starting date of service,
18812-8,Ordering practitioner,ID,Pt,Ambulance transport,Nom,,ATTACH.AMB,"Ambulance transport, Ordering practitioner Identifier",
18813-6,Ordering practitioner,Pn,Pt,Ambulance transport,Nom,,ATTACH.AMB,"Ambulance transport, Ordering practitioner name",
18814-4,Reason for scheduled trip,Imp,Pt,Ambulance transport,Nom,,ATTACH.AMB,"Ambulance transport, Reason for scheduled trip",
18815-1,Reason for scheduled trip additional service information,Imp,Pt,Ambulance transport,Nar,,ATTACH.AMB,"Ambulance transport, Reason for scheduled trip additional service information (narrative)",
18816-9,Medication name + ID,ID,Pt,^Patient,Nom,,ATTACH.MEDS,Medication name + identifier,
18817-7,Medication XXX,Dosage,Pt,^Patient,Qn,,ATTACH.MEDS,Medication dose,
18818-5,Medication timing + Quantity,TQ2,Pt,^Patient,Qn,,ATTACH.MEDS,Medication timing + Quantity,
18821-9,Diagnosis.addressed by plan,ID,Pt,^Patient,Nom,,ATTACH.REHAB,Diagnosis addressed by plan,
18822-7,Diagnosis.addressed by plan,Txt,Pt,^Patient,Nar,,ATTACH.REHAB,Diagnosis addressed by plan (narrative),
18833-4,Body weight,Mass,Enctr^frst,^Patient,Qn,Measured,ATTACH.CLINRPT,First Body weight,
18834-2,Comparison.study,Imp,Pt,XXX,Nar,Radiology,ATTACH.CLINRPT,Radiology Comparison study (narrative),
18845-8,Reference beat type,Prid,Pt,Heart,Nar,EKG,ATTACH.CLINRPT,Reference beat type (narrative) by EKG,
18846-6,Examination level.ultrasound,Type,Pt,^Patient,Nar,,ATTACH.CLINRPT,Examination level ultrasound (narrative),
19005-8,Imaging study,Imp,Pt,XXX,Nar,Radiology,ATTACH.CLINRPT,Radiology Imaging study [Impression] (narrative),
19007-4,Diagnosis.primary,Cmplx,Pt,Psychiatric rehabilitation treatment,Set,,ATTACH.REHAB.PSYCH,"Psychiatric rehabilitation treatment plan, Primary diagnosis Set",
19008-2,Transducer site,Anat,Pt,^Patient,Nar,,ATTACH.CLINRPT,Transducer site Narrative,
19009-0,Medication.current,Find,Pt,^Patient,Nar,Reported,ATTACH.MEDS,Medication current (narrative),
19010-8,Medication.discharge,Find,Pt,^Patient,Nar,,ATTACH.MEDS,Medication discharge (narrative),
19011-6,Medication.administered,Find,Pt,^Patient,Nar,,ATTACH.MEDS,Medication administered (narrative),
19012-4,Substitution instruction,Prid,Pt,Medication.discharge,Nom,,ATTACH.MEDS,"Discharge medication, Substitution instruction",
19013-2,Medications.current.report request,Find,Pt,^Patient,Nom,,ATTACH.MEDS,Medications current report request,
19014-0,Medications.discharge.report request,Find,Pt,^Patient,Nom,,ATTACH.MEDS,Medications discharge report request,
19015-7,Medications.administered.report request,Find,Pt,^Patient,Nom,,ATTACH.MEDS,Medications administered report request,
26435-8,Molecular pathology studies,Cmplx,-,^Patient,Set,,ATTACH.LAB,Molecular pathology studies (set),
26436-6,Laboratory studies,Cmplx,-,^Patient,Set,,ATTACH.LAB,Laboratory studies (set),
26437-4,Chemistry challenge studies,Cmplx,-,^Patient,Set,,ATTACH.LAB,Chemistry challenge studies (set),
26438-2,Cytology studies,Cmplx,-,^Patient,Set,,ATTACH.LAB,Cytology studies (set),
26439-0,Surgical pathology studies,Cmplx,-,^Patient,Set,,ATTACH.LAB,Surgical pathology studies (set),
26441-6,Cardiology studies,Cmplx,-,^Patient,Set,,ATTACH.CARD,Cardiology studies (set),
26442-4,Obstetrical studies,Cmplx,-,^Patient,Set,,ATTACH.OBS,Obstetrical studies (set),
26443-2,Clinical reports.non lab claims attachment,Cmplx,-,^Patient,Set,,ATTACH,Clinical reports.non lab claims attachment,
27457-1,Diagnosis.primary,Cmplx,Pt,Cardiac rehabilitation treatment,Set,,ATTACH.REHAB.CARDIAC,"Cardiac rehabilitation treatment plan, Primary diagnosis Set",
27478-7,Author of treatment plan,Cmplx,Pt,Alcohol-substance abuse rehabilitation treatment plan,Set,,ATTACH.REHAB.ABUSE,"Alcohol-substance abuse rehabilitation treatment plan, Author of treatment plan Set",
27487-8,Date range (from_through) described by plan,Cmplx,Pt,Alcohol-substance abuse rehabilitation treatment plan,Set,,ATTACH.REHAB.ABUSE,"Alcohol-substance abuse rehabilitation treatment plan, Date range (from/through) described by plan Set",
27490-2,Date range,Cmplx,Enctr,Hospitalization leading to alcohol-substance abuse rehabilitation treatment,Set,,ATTACH.REHAB.ABUSE,"Alcohol-substance abuse rehabilitation treatment plan, Date range (from/through) of hospitalization leading to treatment Set",
27498-5,Medication administered,Cmplx,Pt,Alcohol-substance abuse rehabilitation treatment,Set,,ATTACH.REHAB.ABUSE,"Alcohol-substance abuse rehabilitation treatment plan, Medication administered Set",
27515-6,Diagnosis.primary,Cmplx,Pt,Alcohol-substance abuse rehabilitation treatment,Set,,ATTACH.REHAB.ABUSE,"Alcohol-substance abuse rehabilitation treatment plan, Primary diagnosis Set",
27519-8,Author of treatment plan,Cmplx,Pt,Cardiac rehabilitation treatment plan,Set,,ATTACH.REHAB.CARDIAC,"Cardiac rehabilitation treatment plan, Author of treatment plan Set",
27533-9,Date range (from_through) described by plan,Cmplx,Pt,Cardiac rehabilitation treatment plan,Set,,ATTACH.REHAB.CARDIAC,"Cardiac rehabilitation treatment plan, Date range (from/through) described by plan Set",
27536-2,Date range,Cmplx,Enctr,Hospitalization leading to cardiac rehabilitation treatment,Set,,ATTACH.REHAB.CARDIAC,"Cardiac rehabilitation treatment plan, Date range (from/through) of hospitalization leading to treatment Set",
27545-3,Medication administered,Cmplx,Pt,Cardiac rehabilitation treatment,Set,,ATTACH.REHAB.CARDIAC,"Cardiac rehabilitation treatment plan, Medication administered Set",
27551-1,Author of treatment plan,Cmplx,Pt,Skilled nursing treatment plan,Set,,ATTACH.REHAB.NURS,"Skilled nursing treatment plan, Author of treatment plan Set",
27557-8,Date range (from_through) described by plan,Cmplx,Pt,Skilled nursing treatment plan,Set,,ATTACH.REHAB.NURS,"Skilled nursing treatment plan, Date range (from/through) described by plan Set",
27560-2,Date range,Cmplx,Enctr,Hospitalization leading to skilled nursing treatment,Set,,ATTACH.REHAB.NURS,"Skilled nursing treatment plan, Date range (from/through) of hospitalization leading to treatment Set",
27567-7,Medication administered,Cmplx,Pt,Skilled nursing treatment,Set,,ATTACH.REHAB.NURS,"Skilled nursing treatment plan, Medication administered Set",
27584-2,Diagnosis.primary,Cmplx,Pt,Skilled nursing treatment,Set,,ATTACH.REHAB.NURS,"Skilled nursing treatment plan, Primary diagnosis Set",
27602-2,Author of treatment plan,Cmplx,Pt,Occupational therapy treatment plan,Set,,ATTACH.REHAB.OT,"Occupational therapy treatment plan, Author of treatment plan Set",
27608-9,Date range (from_through) described by plan,Cmplx,Pt,Occupational therapy treatment plan,Set,,ATTACH.REHAB.OT,"Occupational therapy treatment plan, Date range (from/through) described by plan Set",
27611-3,Date range,Cmplx,Enctr,Hospitalization leading to occupational therapy treatment,Set,,ATTACH.REHAB.OT,"Occupational therapy treatment plan, Date range (from/through) of hospitalization leading to treatment Set",
27618-8,Medication administered,Cmplx,Pt,Occupational therapy treatment,Set,,ATTACH.REHAB.OT,"Occupational therapy treatment plan, Medication administered Set",
27635-2,Diagnosis.primary,Cmplx,Pt,Occupational therapy treatment,Set,,ATTACH.REHAB.OT,"Occupational therapy treatment plan, Primary diagnosis Set",
27665-9,Author of treatment plan,Cmplx,Pt,Physical therapy treatment plan,Set,,ATTACH.REHAB.PT,"Physical therapy treatment plan, Author of treatment plan Set",
27671-7,Date range (from_through) described by plan,Cmplx,Pt,Physical therapy treatment plan,Set,,ATTACH.REHAB.PT,"Physical therapy treatment plan, Date range (from/through) described by plan Set",
27674-1,Date range,Cmplx,Enctr,Hospitalization leading to physical therapy treatment,Set,,ATTACH.REHAB.PT,"Physical therapy treatment plan, Date range (from/through) of hospitalization leading to treatment Set",
27681-6,Medication administered,Cmplx,Pt,Physical therapy treatment,Set,,ATTACH.REHAB.PT,"Physical therapy treatment plan, Medication administered Set",
27698-0,Diagnosis.primary,Cmplx,Pt,Physical therapy treatment,Set,,ATTACH.REHAB.PT,"Physical therapy treatment plan, Primary diagnosis Set",
27704-6,Author of treatment plan,Cmplx,Pt,Respiratory therapy treatment plan,Set,,ATTACH.REHAB.RT,"Respiratory therapy treatment plan, Author of treatment plan Set",
27710-3,Date range (from_through) described by plan,Cmplx,Pt,Respiratory therapy treatment plan,Set,,ATTACH.REHAB.RT,"Respiratory therapy treatment plan, Date range (from/through) described by plan Set",
27713-7,Date range,Cmplx,Enctr,Hospitalization leading to respiratory therapy treatment,Set,,ATTACH.REHAB.RT,"Respiratory therapy treatment plan, Date range (from/through) of hospitalization leading to treatment Set",
27720-2,Medication administered,Cmplx,Pt,Respiratory therapy treatment,Set,,ATTACH.REHAB.RT,"Respiratory therapy treatment plan, Medication administered Set",
27737-6,Diagnosis.primary,Cmplx,Pt,Respiratory therapy treatment,Set,,ATTACH.REHAB.RT,"Respiratory therapy treatment plan, Primary diagnosis Set",
27755-8,Author of treatment plan,Cmplx,Pt,Medical social services treatment plan,Set,,ATTACH.REHAB.SOCIAL,"Medical social services treatment plan, Author of treatment plan Set",
27761-6,Date range (from_through) described by plan,Cmplx,Pt,Medical social services treatment plan,Set,,ATTACH.REHAB.SOCIAL,"Medical social services treatment plan, Date range (from/through) described by plan Set",
27764-0,Date range,Cmplx,Enctr,Hospitalization leading to medical social services treatment,Set,,ATTACH.REHAB.SOCIAL,"Medical social services treatment plan, Date range (from/through) of hospitalization leading to treatment Set",
27771-5,Medication administered,Cmplx,Pt,Medical social services treatment,Set,,ATTACH.REHAB.SOCIAL,"Medical social services treatment plan, Medication administered Set",
27788-9,Diagnosis.primary,Cmplx,Pt,Medical social services treatment,Set,,ATTACH.REHAB.SOCIAL,"Medical social services treatment plan, Primary diagnosis Set",
27895-2,Gastroenterology endoscopy studies,Cmplx,-,^Patient,Set,,ATTACH.GI,Gastroenterology endoscopy studies (set),
27896-0,Pulmonary studies,Cmplx,-,^Patient,Set,,ATTACH.RESP,Pulmonary studies (set),
27897-8,Neuromuscular electrophysiology studies,Cmplx,-,^Patient,Set,,ATTACH,Neuromuscular electrophysiology studies (set),
27898-6,Pathology studies,Cmplx,-,^Patient,Set,,ATTACH.LAB,Pathology studies (set),
27899-4,Diagnostic studies.non lab,Cmplx,-,^Patient,Set,,ATTACH.CLINRPT,Diagnostic studies.non-lab (set),
28010-7,Report.total,Find,Pt,Heart,Nar,EKG,ATTACH.CLINRPT,EKG Report (narrative),
28562-7,Chart section,Cmplx,-,^Patient,Set,,ATTACH.CLINRPT,Chart section Set,
28563-5,Care provider notes,Cmplx,-,^Patient,Set,,ATTACH.CLINRPT,Care provider notes Set,
28619-5,Ophthalmology studies,Cmplx,-,^Patient,Set,,ATTACH.CLINRPT,Ophthalmology/Optometry studies (set),
28620-3,Urology studies,Cmplx,-,^Patient,Set,,ATTACH.CLINRPT,Urology studies (set),
28634-4,Miscellaneous studies,Cmplx,-,^Patient,Set,,ATTACH.CLINRPT,Miscellaneous studies (set),
28650-0,Clinical notes and chart sections,Cmplx,-,^Patient,Set,,ATTACH.CLINRPT,Clinical notes and chart sections Set,
29168-2,Author of treatment plan,Cmplx,Pt,Speech therapy treatment plan,Set,,ATTACH.REHAB.SPEECH,"Speech therapy treatment plan, Author of treatment plan Set",
29170-8,Date range (from_through) described by plan,Cmplx,Pt,Speech therapy treatment plan,Set,,ATTACH.REHAB.SPEECH,"Speech therapy treatment plan, Date range (from/through) described by plan Set",
29177-3,Medication administered,Cmplx,Pt,Speech therapy treatment,Set,,ATTACH.REHAB.SPEECH,"Speech therapy treatment plan, Medication administered Set",
29194-8,Diagnosis.primary,Cmplx,Pt,Speech therapy treatment,Set,,ATTACH.REHAB.SPEECH,"Speech therapy treatment plan, Primary diagnosis Set",
29203-7,Date range,Cmplx,Enctr,Hospitalization leading to speech therapy treatment,Set,,ATTACH.REHAB.SPEECH,"Speech therapy treatment plan, Date range (from/through) of hospitalization leading to treatment Set",
29268-0,Contact lens measurements,Find,Pt,^Patient,Multi,,ATTACH.CLINRPT,Contact lens measurements,
29269-8,Eye glasses measurements,Find,Pt,^Patient,Multi,,ATTACH.CLINRPT,Eye glasses measurements,
29270-6,Retinal treatments,Find,Pt,^Patient,Multi,,ATTACH.CLINRPT,Retinal treatments,
29271-4,Eye physical examination,Find,Pt,^Patient,Multi,,ATTACH.CLINRPT,Eye physical examination,
29273-0,Clinical measurements,Cmplx,-,^Patient,Set,,ATTACH.CLINRPT,Clinical measurements Set,
29274-8,Vital signs measurements,Find,Pt,^Patient,Multi,,ATTACH.CLINRPT,Vital signs measurements,
29275-5,Body measurements,Find,Pt,^Patient,Multi,,ATTACH.CLINRPT,Body measurements,
29488-4,LOINC attachment modifier codes,Cmplx,-,^Patient,Set,,PANEL.ATTACH.MOD,LOINC attachment modifier codes,
29489-2,Time window attachment request modifier codes,Cmplx,-,^Patient,Set,,PANEL.ATTACH.MOD,Time window attachment request modifier codes,
30907-0,Date of next planned rehabilitation treatment,Cmplx,Pt,Alcohol-substance abuse rehabilitation treatment plan,Set,,ATTACH.REHAB.ABUSE,"Alcohol-substance abuse rehabilitation treatment plan, Date of next planned rehabilitation treatment Set",
34484-6,Time administration started,TmStp,Pt,Medication.administered,Qn,,ATTACH.MEDS,"Administered medication, Time administration started",
39155-7,Family history or condition or disease and action,Arb,Pt,^Family,Ord,CPHS,ATTACH.CPHS,Family history or condition or disease and action Family CPHS,
39157-3,Screen type indicator,Type,Pt,^Patient,Nom,CPHS,ATTACH.CPHS,Screen type indicator CPHS,
39158-1,Screening on schedule to patient age,Arb,Pt,^Patient,Ord,CPHS,ATTACH.CPHS,Screening on schedule to patient age CPHS,
39159-9,Screening extent,Arb,Pt,^Patient,Ord,CPHS,ATTACH.CPHS,Screening extent CPHS,
39160-7,Visit was for recheck,Arb,Pt,^Patient,Ord,CPHS,ATTACH.CPHS,Visit was for recheck CPHS,
39161-5,Date next screen visit,Date,Pt,^Patient,Qn,CPHS,ATTACH.CPHS,Date next screen visit CPHS,
39162-3,Chronic illness indicator,Type,Pt,^Patient,Nom,CPHS,ATTACH.CPHS,Chronic illness indicator CPHS,
39163-1,History and physical results indicator,Type,Pt,^Patient,Nom,CPHS,ATTACH.CPHS,History and physical results indicator CPHS,
39164-9,History and physical follow-up status,Type,Pt,^Patient,Nom,CPHS,ATTACH.CPHS,History and physical follow-up status CPHS,
39165-6,History and physical finding recency,Type,Pt,^Patient,Nom,CPHS,ATTACH.CPHS,History and physical finding recency CPHS,
39166-4,Behavioral &or mental health screen assessment,Cmplx,Pt,Behavior,Set,CPHS,ATTACH.CPHS,Behavioral/mental health screen assessment Set CPHS,
39167-2,Behavioral &or mental health screen results indicator,Type,Pt,Behavior,Nom,CPHS,ATTACH.CPHS,Behavioral/mental health screen results indicator CPHS,
39168-0,Behavioral &or mental health screen follow-up status,Type,Pt,Behavior,Nom,CPHS,ATTACH.CPHS,Behavioral/mental health screen follow-up status CPHS,
39169-8,Behavioral &or mental health screen finding recency,Type,Pt,Behavior,Nom,CPHS,ATTACH.CPHS,Behavioral/mental health screen finding recency CPHS,
39170-6,Cardiac screen results indicator,Type,Pt,Cardiovascular system,Nom,CPHS,ATTACH.CPHS,Cardiac screen results indicator CPHS,
39171-4,Cardiac screen follow-up status,Type,Pt,Cardiovascular system,Nom,CPHS,ATTACH.CPHS,Cardiac screen follow-up status CPHS,
39172-2,Cardiac screen finding recency,Type,Pt,Cardiovascular system,Nom,CPHS,ATTACH.CPHS,Cardiac screen finding recency CPHS,
39173-0,Dental screen assessment,Cmplx,Pt,Dentition,Set,CPHS,ATTACH.CPHS,Dental screen assessment Set CPHS,
39174-8,Dental screen results indicator,Type,Pt,Dentition,Nom,CPHS,ATTACH.CPHS,Dental screen results indicator CPHS,
39175-5,Dental screen follow-up status,Type,Pt,Dentition,Nom,CPHS,ATTACH.CPHS,Dental screen follow-up status CPHS,
39176-3,Dental screen finding recency,Type,Pt,Dentition,Nom,CPHS,ATTACH.CPHS,Dental screen finding recency CPHS,
39177-1,Endocrine screen assessment,Cmplx,Pt,Endocrine system,Set,CPHS,ATTACH.CPHS,Endocrine screen assessment Set CPHS,
39178-9,Endocrine screen results indicator,Type,Pt,Endocrine system,Nom,CPHS,ATTACH.CPHS,Endocrine screen results indicator CPHS,
39179-7,Endocrine screen follow-up status,Type,Pt,Endocrine system,Nom,CPHS,ATTACH.CPHS,Endocrine screen follow-up status CPHS,
39180-5,Endocrine screen finding recency,Type,Pt,Endocrine system,Nom,CPHS,ATTACH.CPHS,Endocrine screen finding recency CPHS,
39181-3,Genitourinary screen assessment,Cmplx,Pt,Genitourinary systems,Set,CPHS,ATTACH.CPHS,Genitourinary screen assessment Set CPHS,
39182-1,Genitourinary screen results indicator,Type,Pt,Genitourinary systems,Nom,CPHS,ATTACH.CPHS,Genitourinary screen results indicator CPHS,
39183-9,Genitourinary screen follow-up status,Type,Pt,Genitourinary systems,Nom,CPHS,ATTACH.CPHS,Genitourinary screen follow-up status CPHS,
39184-7,Genitourinary screen finding recency,Type,Pt,Genitourinary systems,Nom,CPHS,ATTACH.CPHS,Genitourinary screen finding recency CPHS,
39185-4,Growth and development (includes speech) screen assessment,Cmplx,Pt,^Patient,Set,CPHS,ATTACH.CPHS,Growth and development (includes speech) screen assessment Set CPHS,
39186-2,Growth and development (includes speech) screen results indicator,Type,Pt,^Patient,Nom,CPHS,ATTACH.CPHS,Growth and development (includes speech) screen results indicator CPHS,
39187-0,Growth and development (includes speech) screen follow-up status,Type,Pt,^Patient,Nom,CPHS,ATTACH.CPHS,Growth and development (includes speech) screen follow-up status CPHS,
39188-8,Growth and development (includes speech) screen finding recency,Type,Pt,^Patient,Nom,CPHS,ATTACH.CPHS,Growth and development (includes speech) screen finding recency CPHS,
39189-6,Hearing screen assessment,Cmplx,Pt,Ear,Set,CPHS,ATTACH.CPHS,Hearing screen assessment Set CPHS,
39190-4,Hearing screen results indicator,Type,Pt,Ear,Nom,CPHS,ATTACH.CPHS,Hearing screen results indicator CPHS,
39191-2,Hearing screen follow-up status,Type,Pt,Ear,Nom,CPHS,ATTACH.CPHS,Hearing screen follow-up status CPHS,
39192-0,Hearing screen finding recency,Type,Pt,Ear,Nom,CPHS,ATTACH.CPHS,Hearing screen finding recency CPHS,
39193-8,Lead (exposure to) screen assessment,Cmplx,Pt,^Patient,Set,CPHS,ATTACH.CPHS,Lead (exposure to) screen assessment Set CPHS,
39194-6,Lead (exposure to) screen results indicator,Type,Pt,^Patient,Nom,CPHS,ATTACH.CPHS,Lead (exposure to) screen results indicator CPHS,
39195-3,Lead (exposure to) screen follow-up status,Type,Pt,^Patient,Nom,CPHS,ATTACH.CPHS,Lead (exposure to) screen follow-up status CPHS,
39196-1,Lead (exposure to) screen finding recency,Type,Pt,^Patient,Nom,CPHS,ATTACH.CPHS,Lead (exposure to) screen finding recency CPHS,
39197-9,Neurologic screen results indicator,Type,Pt,Neurologic system,Nom,CPHS,ATTACH.CPHS,Neurologic screen results indicator CPHS,
39198-7,Neurologic screen follow-up status,Type,Pt,Neurologic system,Nom,CPHS,ATTACH.CPHS,Neurologic screen follow-up status CPHS,
39199-5,Neurologic screen finding recency,Type,Pt,Neurologic system,Nom,CPHS,ATTACH.CPHS,Neurologic screen finding recency CPHS,
39200-1,Nutrition screen assessment,Cmplx,Pt,^Patient,Set,CPHS,ATTACH.CPHS,Nutrition screen assessment Set CPHS,
39201-9,Nutrition screen results indicator,Type,Pt,^Patient,Nom,CPHS,ATTACH.CPHS,Nutrition screen results indicator CPHS,
39202-7,Nutrition screen follow-up status,Type,Pt,^Patient,Nom,CPHS,ATTACH.CPHS,Nutrition screen follow-up status CPHS,
39203-5,Nutrition screen finding recency,Type,Pt,^Patient,Nom,CPHS,ATTACH.CPHS,Nutrition screen finding recency CPHS,
39204-3,Orthopedic screen assessment,Cmplx,Pt,^Patient,Set,CPHS,ATTACH.CPHS,Orthopedic screen assessment Set CPHS,
39205-0,Orthopedic screen results indicator,Type,Pt,^Patient,Nom,CPHS,ATTACH.CPHS,Orthopedic screen results indicator CPHS,
39206-8,Orthopedic screen follow-up status,Type,Pt,^Patient,Nom,CPHS,ATTACH.CPHS,Orthopedic screen follow-up status CPHS,
39207-6,Orthopedic screen finding recency,Type,Pt,^Patient,Nom,CPHS,ATTACH.CPHS,Orthopedic screen finding recency CPHS,
39208-4,Tuberculosis exposure screen assessment,Cmplx,Pt,^Patient,Set,CPHS,ATTACH.CPHS,Tuberculosis exposure screen assessment Set CPHS,
39209-2,Tuberculosis exposure screen results indicator,Type,Pt,^Patient,Nom,CPHS,ATTACH.CPHS,Tuberculosis exposure screen results indicator CPHS,
39210-0,Tuberculosis exposure screen follow-up status,Type,Pt,^Patient,Nom,CPHS,ATTACH.CPHS,Tuberculosis exposure screen follow-up status CPHS,
39211-8,Tuberculosis exposure screen finding recency,Type,Pt,^Patient,Nom,CPHS,ATTACH.CPHS,Tuberculosis exposure screen finding recency CPHS,
39212-6,Vision screen assessment,Cmplx,Pt,Eye,Set,CPHS,ATTACH.CPHS,Vision screen assessment Set CPHS,
39213-4,Vision screen results indicator,Type,Pt,Eye,Nom,CPHS,ATTACH.CPHS,Vision screen results indicator CPHS,
39214-2,Vision screen follow-up status,Type,Pt,Eye,Nom,CPHS,ATTACH.CPHS,Vision screen follow-up status CPHS,
39215-9,Vision screen finding recency,Type,Pt,Eye,Nom,CPHS,ATTACH.CPHS,Vision screen finding recency CPHS,
39216-7,Other screen assessment,Cmplx,Pt,^Patient,Set,CPHS,ATTACH.CPHS,Other screen assessment Set CPHS,
39217-5,Other screen name,Txt,Pt,^Patient,Nar,CPHS,ATTACH.CPHS,Other screen name CPHS,
39218-3,Other screen results indicator,Type,Pt,^Patient,Nom,CPHS,ATTACH.CPHS,Other screen results indicator CPHS,
39219-1,Other screen follow-up status,Type,Pt,^Patient,Nom,CPHS,ATTACH.CPHS,Other screen follow-up status CPHS,
39220-9,Other screen finding recency,Type,Pt,^Patient,Nom,CPHS,ATTACH.CPHS,Other screen finding recency CPHS,
39221-7,Diagnosis recommendations,Cmplx,Pt,^Patient,Set,CPHS,ATTACH.CPHS,Diagnosis recommendations Set CPHS,
39222-5,"Diagnosis recommendations, ICD9-CM",Type,Pt,^Patient,Nom,CPHS,ATTACH.CPHS,"Diagnosis recommendations, ICD9-CM CPHS",
39223-3,"Diagnosis recommendations, description",Txt,Pt,^Patient,Nar,CPHS,ATTACH.CPHS,"Diagnosis recommendations, description (narrative) CPHS",
39224-1,Chlamydia screen test status,Type,Pt,^Patient,Nom,CPHS,ATTACH.CPHS,Chlamydia screen test status CPHS,
39225-8,Gonorrhea screen test status,Type,Pt,^Patient,Nom,CPHS,ATTACH.CPHS,Gonorrhea screen test status CPHS,
39226-6,Hemoglobin test status,Type,Pt,Bld,Nom,CPHS,ATTACH.CPHS,Hemoglobin test status CPHS,
39227-4,Hematocrit test status,Type,Pt,Bld,Nom,CPHS,ATTACH.CPHS,Hematocrit test status CPHS,
39228-2,Lead screen test status,Type,Pt,^Patient,Nom,CPHS,ATTACH.CPHS,Lead screen test status CPHS,
39229-0,Lipid screen test status,Type,Pt,Ser/Plas,Nom,CPHS,ATTACH.CPHS,Lipid screen test status CPHS,
39230-8,Sickle cell screen test status,Type,Pt,Bld,Nom,CPHS,ATTACH.CPHS,Sickle cell screen test status CPHS,
39231-6,Syphilis screen test status,Type,Pt,Ser,Nom,CPHS,ATTACH.CPHS,Syphilis screen test status CPHS,
39232-4,"Screen test, other",Cmplx,Pt,XXX,Set,CPHS,ATTACH.CPHS,"Screen test, other Set CPHS",
39233-2,"Screen test, other name",Txt,Pt,XXX,Nar,CPHS,ATTACH.CPHS,"Screen test, other name CPHS",
39234-0,"Screen test, other status",Type,Pt,XXX,Nom,CPHS,ATTACH.CPHS,"Screen test, other status CPHS",
39235-7,Immunization data,Cmplx,Pt,^Patient,Set,CPHS,ATTACH.CPHS,Immunization data Set CPHS,
39236-5,Vaccine code (CPT),Type,Pt,^Patient,Nom,CPHS,ATTACH.CPHS,Vaccine code (CPT) CPHS,
39237-3,Immunization status,Type,Pt,^Patient,Nom,CPHS,ATTACH.CPHS,Immunization status CPHS,
39238-1,Anticipatory guidance indicator,Arb,Pt,^Patient,Ord,CPHS,ATTACH.CPHS,Anticipatory guidance indicator CPHS,
39239-9,Anticipatory guidance or health education type,Type,Pt,^Patient,Nom,CPHS,ATTACH.CPHS,Anticipatory guidance or health education type CPHS,
39240-7,Tobacco use status,Find,Pt,^Patient,Ord,CPHS,ATTACH.CPHS,Tobacco use status CPHS,
39241-5,Tobacco use counselled,Arb,Pt,^Patient,Ord,CPHS,ATTACH.CPHS,Tobacco use counselled CPHS,
39242-3,Tobacco prevention referred,Arb,Pt,^Patient,Ord,CPHS,ATTACH.CPHS,Tobacco prevention referred CPHS,
39243-1,Second hand smoke exposure,Arb,Pt,^Patient,Ord,CPHS,ATTACH.CPHS,Second hand smoke exposure CPHS,
39244-9,Patient drug or alcohol use,Find,Pt,^Patient,Ord,CPHS,ATTACH.CPHS,Patient drug or alcohol use CPHS,
39245-6,Drug or alcohol abuse counselled,Type,Pt,^Patient,Nom,CPHS,ATTACH.CPHS,Drug or alcohol abuse counselled CPHS,
39246-4,Risk assessment provided,Arb,Pt,^Patient,Ord,CPHS,ATTACH.CPHS,Risk assessment provided CPHS,
39247-2,Prenatal assessment provided,Arb,Pt,^Patient,Ord,CPHS,ATTACH.CPHS,Prenatal assessment provided CPHS,
39248-0,Prenatal interview w infants primary care provider indicator,Arb,Pt,^Patient,Ord,CPHS,ATTACH.CPHS,Prenatal interview with infants primary care provider indicator CPHS,
39249-8,Program participation,Cmplx,Pt,^Patient,Set,CPHS,ATTACH.CPHS,Program participation Set CPHS,
39250-6,"Program participation, name",Type,Pt,^Patient,Nom,CPHS,ATTACH.CPHS,"Program participation, name CPHS",
39251-4,Other program participation name,Txt,Pt,^Patient,Nar,CPHS,ATTACH.CPHS,Other program participation name CPHS,
39252-2,Foster care indicator,Arb,Pt,^Patient,Ord,CPHS,ATTACH.CPHS,Foster care indicator CPHS,
39253-0,Primary care practitioner (PCP) indicator,Arb,Pt,^Patient,Ord,CPHS,ATTACH.CPHS,Primary care practitioner (PCP) indicator CPHS,
39254-8,Primary care practitioner (PCP) perform screen indicator,Arb,Pt,^Patient,Ord,CPHS,ATTACH.CPHS,Primary care practitioner (PCP) perform screen indicator CPHS,
39255-5,Date previous screen visit,Date,Pt,^Patient,Qn,CPHS,ATTACH.CPHS,Date previous screen visit CPHS,
39256-3,History and physical screen assessment,Cmplx,Pt,^Patient,Set,CPHS,ATTACH.CPHS,History and physical screen assessment Set CPHS,
39257-1,Cardiac screen assessment,Cmplx,Pt,Cardiovascular system,Set,CPHS,ATTACH.CPHS,Cardiac screen assessment Set CPHS,
39258-9,ENT screen assessment,Cmplx,Pt,ENT,Set,CPHS,ATTACH.CPHS,ENT screen assessment Set CPHS,
39259-7,ENT screen results indicator,Type,Pt,ENT,Nom,CPHS,ATTACH.CPHS,ENT screen results indicator CPHS,
39260-5,ENT screen follow-up status,Type,Pt,ENT,Nom,CPHS,ATTACH.CPHS,ENT screen follow-up status CPHS,
39261-3,ENT screen finding recency,Type,Pt,ENT,Nom,CPHS,ATTACH.CPHS,ENT screen finding recency CPHS,
39262-1,Neurologic screen assessment,Cmplx,Pt,Neurologic system,Set,CPHS,ATTACH.CPHS,Neurologic screen assessment Set CPHS,
39263-9,Tuberculin screen test status,Type,Pt,^Patient,Nom,CPHS,ATTACH.CPHS,Tuberculin screen test status CPHS,
39264-7,Urinalysis dipstick test status,Type,Pt,Urine,Nom,CPHS,ATTACH.CPHS,Urinalysis dipstick test status CPHS,
39265-4,Urinalysis complete status,Type,Pt,Urine,Nom,CPHS,ATTACH.CPHS,Urinalysis complete status CPHS,
39266-2,Follow-up (referred to) provider &or specialist,Cmplx,Pt,Clinical referral,Set,CPHS,ATTACH.CPHS,Follow-up (referred to) provider /specialist Set CPHS,
39267-0,Reason for follow-up (referred to) provider &or specialist,Find,Pt,Clinical referral,Nom,CPHS,ATTACH.CPHS,Reason for follow-up (referred to) provider /specialist CPHS,
39268-8,"Follow-up (referred to) provider &or specialist, name",Pn,Pt,Clinical referral,Nom,CPHS,ATTACH.CPHS,"Follow-up (referred to) provider /specialist, name CPHS",
39269-6,"Follow-up (referred to) provider &or specialist, provider type",Type,Pt,Clinical referral,Nom,CPHS,ATTACH.CPHS,"Follow-up (referred to) provider /specialist, provider type CPHS",
39270-4,"Follow-up (referred to) provider &or specialist, address",Addr,Pt,Clinical referral,Nom,CPHS,ATTACH.CPHS,"Follow-up (referred to) provider /specialist, address CPHS",
39271-2,"Follow-up (referred to) provider &or specialist, phone",Tele,Pt,Clinical referral,Nom,CPHS,ATTACH.CPHS,"Follow-up (referred to) provider /specialist, phone CPHS",
39272-0,"Follow-up (referred to) provider &or specialist, network location indicator",Type,Pt,Clinical referral,Nom,CPHS,ATTACH.CPHS,"Follow-up (referred to) provider /specialist, network location indicator CPHS",
39273-8,Follow-up (referred to) program,Cmplx,Pt,Program referral,Set,CPHS,ATTACH.CPHS,Follow-up (referred to) program Set CPHS,Follow-up (referred to) program CPHS
39274-6,Reason for follow-up (referred to) program,Find,Pt,Program referral,Nar,CPHS,ATTACH.CPHS,Reason for follow-up (referred to) program (narrative) CPHS,Reason for follow-up program CPHS
39275-3,"Follow-up (referred to) program, name",Txt,Pt,Program referral,Nar,CPHS,ATTACH.CPHS,"Follow-up (referred to) program, name CPHS",
39276-1,"Follow-up (referred to) program, address",Addr,Pt,Program referral,Nom,CPHS,ATTACH.CPHS,"Follow-up (referred to) program, address CPHS",
39277-9,"Follow-up (referred to) program, phone",Tele,Pt,Program referral,Nom,CPHS,ATTACH.CPHS,"Follow-up (referred to) program, phone CPHS",
39278-7,Tobacco use counselled,Arb,Pt,^Family member-caregiver,Ord,CPHS,ATTACH.CPHS,Tobacco use counselled Family member/caregiver CPHS,
39279-5,Tobacco prevention referred,Arb,Pt,^Family member-caregiver,Ord,CPHS,ATTACH.CPHS,Tobacco prevention referred Family member/caregiver CPHS,
39280-3,Responsible party,Cmplx,Pt,Responsible party,Set,CPHS,ATTACH.CPHS,Responsible party Set CPHS,
39281-1,"Responsible party, name",Pn,Pt,Responsible party,Nom,CPHS,ATTACH.CPHS,"Responsible party, name CPHS",
39282-9,"Responsible party, home phone number",Tele,Pt,Responsible party,Nom,CPHS,ATTACH.CPHS,"Responsible party, home phone number CPHS",
39283-7,"Responsible party, work number",Tele,Pt,Responsible party,Nom,CPHS,ATTACH.CPHS,"Responsible party, work number CPHS",
39288-6,Pre-paid health plan indicator,Type,Pt,^Patient,Ord,CPHS,ATTACH.CPHS,Pre-paid health plan indicator CPHS,
39289-4,"Follow-up (referred to) provider &or specialist, appointment date",Date,Pt,Clinical referral,Qn,CPHS,ATTACH.CPHS,"Follow-up (referred to) provider /specialist, appointment date CPHS",
39290-2,"Follow-up (referred to) program, appointment date",Date,Pt,Program referral,Qn,CPHS,ATTACH.CPHS,"Follow-up (referred to) program, appointment date CPHS",
39294-4,Children's preventive health services attachment,Cmplx,Pt,^Patient,Set,,ATTACH.CPHS,Children's preventive health services attachment Set,
41938-2,Bolus requested,Dosage,Pt,Medication.current,Qn,,ATTACH.MEDS,"Current medication, Bolus requested",
41939-0,Bolus delivered,Dosage,Pt,Medication.current,Qn,,ATTACH.MEDS,"Current medication, Bolus delivered",
41940-8,Bolus type,Type,Pt,Medication.current,Nom,,ATTACH.MEDS,"Current medication, Bolus type",
41941-6,Basal rate,NRat,Pt,Medication.current,Qn,,ATTACH.MEDS,"Current medication, Basal rate",
41942-4,Insulin type,Type,Pt,Medication.current,Nom,,ATTACH.MEDS,"Current medication, Insulin type",
41943-2,Insulin name + ID,ID,Pt,Medication.current,Nom,,ATTACH.MEDS,"Current medication, Insulin Name+ID",
41944-0,Totals.basal,Dosage,24H,Medication.current,Qn,,ATTACH.MEDS,Current medication 24 hour Totals basal,
41945-7,Totals.bolus,Dosage,24H,Medication.current,Qn,,ATTACH.MEDS,Current medication 24 hour Totals bolus,
41972-1,Name,ID,Pt,Medication.current,Nom,Reported,ATTACH.MEDS,"Current medication, Name - Reported",
41973-9,Medication XXX,Dosage,Pt,Medication.current,Qn,Reported,ATTACH.MEDS,Current medication Dose - Reported,
41974-7,Timing + Quantity,TQ2,Pt,Medication.current,Qn,Reported,ATTACH.MEDS,"Current medication, Timing + Quantity - Reported",
41975-4,Route,Prid,Pt,Medication.current,Nom,Reported,ATTACH.MEDS,"Current medication, Route - Reported",
41984-6,Lipoprotein analysis status &or results,Cmplx,Pt,Ser/Plas,Set,CPHS,ATTACH.CPHS,Lipoprotein analysis status/results Set CPHS,
41985-3,Lead screen test status &or results,Cmplx,Pt,^Patient,Set,CPHS,ATTACH.CPHS,Lead screen test status and/or results Set CPHS,
41986-1,Hematocrit test status &or results,Cmplx,Pt,Bld,Set,CPHS,ATTACH.CPHS,Hematocrit test status/results Set CPHS,
41987-9,Hemoglobin test status &or results,Cmplx,Pt,Bld,Set,CPHS,ATTACH.CPHS,Hemoglobin test status/results Set CPHS,
41988-7,"Follow-up (referred to) provider &or specialist, catchment location indicator",Type,Pt,Clinical referral,Nom,CPHS,ATTACH.CPHS,"Follow-up (referred to) provider /specialist, catchment location indicator CPHS",
41989-5,"Follow-up (referred to) provider &or specialist, state location indicator",Type,Pt,Clinical referral,Nom,CPHS,ATTACH.CPHS,"Follow-up (referred to) provider /specialist, state location indicator CPHS",
42344-2,Discharge diet,Find,Pt,^Patient,Nar,,ATTACH.CLINRPT,Discharge diet (narrative),
42345-9,Discharge functional status,Find,Pt,^Patient,Nar,,ATTACH.CLINRPT,Discharge functional status (narrative),
42346-7,Medications on admission,Find,Pt,^Patient,Nar,,ATTACH.CLINRPT,Medications on admission (narrative),
42347-5,Admission diagnosis,Find,Pt,^Patient,Nar,,ATTACH.CLINRPT,Admission diagnosis (narrative),
42349-1,Reason for referral,Find,Pt,^Patient,Nar,,ATTACH.CLINRPT,Reason for referral (narrative),
46211-9,Postoperative photo,-,Pt,XXX,-,,ATTACH.CLINRPT,Post operative photo,
46212-7,Preoperative photo,-,Pt,XXX,-,,ATTACH.CLINRPT,Pre operative photo,
51995-9,Rationale for type of transport,Type,Pt,Ambulance transport,Nar,,ATTACH.AMB,"Ambulance transport, Rationale for type of transport (narrative)",
51996-7,Distance and time transported information,Cmplx,Pt,Ambulance transport,Set,,ATTACH.AMB,"Ambulance transport, Distance and time transported information Set",
51997-5,Distance transported - loaded indicator,Arb,Pt,Ambulance transport,Ord,,ATTACH.AMB,"Ambulance transport, Distance transported - loaded indicator",
51998-3,Rationale for excess or additional mileage,Find,Pt,Ambulance transport,Nom,,ATTACH.AMB,"Ambulance transport, Rationale for excess or additional mileage",
51999-1,Time ambulance arrived at scene,TmStp,Pt,Ambulance transport,Qn,,ATTACH.AMB,"Ambulance transport, Time ambulance arrived at scene Date and time",
52000-7,Origination site latitude,Angle,Pt,Ambulance transport,Qn,,ATTACH.AMB,"Ambulance transport, Origination site latitude",
52001-5,Origination site longitude,Angle,Pt,Ambulance transport,Qn,,ATTACH.AMB,"Ambulance transport, Origination site longitude",
52002-3,Destination site latitude,Angle,Pt,Ambulance transport,Qn,,ATTACH.AMB,"Ambulance transport, Destination site latitude coordinate",
52003-1,Destination site longitude,Angle,Pt,Ambulance transport,Qn,,ATTACH.AMB,"Ambulance transport, Destination site longitude coordinate",
52004-9,Rationale for wait time,Cmplx,Pt,Ambulance transport,Set,,ATTACH.AMB,"Ambulance transport, Rationale for wait time Set",
52005-6,Rationale for wait time,Find,Pt,Ambulance transport,Nom,,ATTACH.AMB,"Ambulance transport, Rationale for wait time",
52006-4,Rationale for wait time,Find,Pt,Ambulance transport,Nar,,ATTACH.AMB,"Ambulance transport, Rationale for wait time (narrative)",
52007-2,Number of patients,Num,Pt,Ambulance transport,Qn,,ATTACH.AMB,"Ambulance transport, Number of patients",
52008-0,Reason for multiple patients,Find,Pt,Ambulance transport,Nar,,ATTACH.AMB,"Ambulance transport, Reason for multiple patients (narrative)",
52009-8,Other patients information,Cmplx,Pt,Ambulance transport,Set,,ATTACH.AMB,"Ambulance transport, Other patients information Set",
52010-6,Other patient name,Pn,Pt,Ambulance transport,Nom,,ATTACH.AMB,"Ambulance transport, Other patient name",
52011-4,Other patient identifier,ID,Pt,Ambulance transport,Nom,,ATTACH.AMB,"Ambulance transport, Other patient identifier",
52012-2,Receiving individual accepting responsibility for patient,Cmplx,Pt,Ambulance transport,Set,,ATTACH.AMB,"Ambulance transport, Receiving individual accepting responsibility for patient Set",
52013-0,Receiving individual accepting responsibility for patient,Pn,Pt,Ambulance transport,Nom,,ATTACH.AMB,"Ambulance transport, Receiving individual accepting responsibility for patient",
52014-8,Receiving individual accepting responsibility for patient,ID,Pt,Ambulance transport,Nom,,ATTACH.AMB,"Ambulance transport, Receiving individual accepting responsibility for patient Identifier",
52015-5,Ordering practitioner or agency,Cmplx,Pt,Ambulance transport,Set,,ATTACH.AMB,"Ambulance transport, Ordering practitioner or agency Set",
52016-3,Physician certification for transport information,Cmplx,Pt,Ambulance transport,Set,,ATTACH.AMB,"Ambulance transport, Physician certification for transport information Set",
52017-1,Physician certification for transport statement,Find,Pt,Ambulance transport,Nar,,ATTACH.AMB,"Ambulance transport, Physician certification for transport statement (narrative)",
52018-9,Physician certification for transport indicator,Arb,Pt,Ambulance transport,Ord,,ATTACH.AMB,"Ambulance transport, Physician certification for transport indicator",
52019-7,Description of services performed to support level of service,Find,Pt,Ambulance transport,Nar,,ATTACH.AMB,"Ambulance transport, Description of services performed to support level of service (narrative)",
52020-5,Medical reason for unscheduled trip,Imp,Pt,Ambulance transport,Nom,,ATTACH.AMB,"Ambulance transport, Medical reason for unscheduled trip",
52021-3,Justification for extra attendants,Find,Pt,Ambulance transport,Nar,,ATTACH.AMB,"Ambulance transport, Justification for extra attendants (narrative)",
52022-1,Type of extra attendant(s),Type,Pt,Ambulance transport,Nom,,ATTACH.AMB,"Ambulance transport, Type of extra attendant(s)",
52023-9,Origination site name and address,Cmplx,Pt,Ambulance transport,Set,,ATTACH.AMB,"Ambulance transport, Origination site name and address",
52024-7,Rationale for choice of destination,Type,Pt,Ambulance transport,Nom,,ATTACH.AMB,"Ambulance transport, Rationale for choice of destination",
52025-4,Confined to bed or chair^at ambulance transport,Arb,Pt,^Patient,Ord,,ATTACH.AMB,Confined to bed or chair at ambulance transport,
52026-2,Destination site name & address,Cmplx,Pt,Ambulance transport,Set,,ATTACH.AMB,"Ambulance transport, Destination site name and address",
52074-2,Extra attendants information,Cmplx,Pt,Ambulance transport,Set,,ATTACH.AMB,"Ambulance transport, Extra attendants information Set",
52078-3,Referral information,Cmplx,Pt,Alcohol-substance abuse rehabilitation treatment plan,Set,,ATTACH.REHAB.ABUSE,"Alcohol-substance abuse rehabilitation treatment plan, Referral information Set",
52084-1,Responsible attending physician information,Cmplx,Pt,Alcohol-substance abuse rehabilitation treatment plan,Set,,ATTACH.REHAB.ABUSE,"Alcohol-substance abuse rehabilitation treatment plan, Responsible attending physician information Set",
52085-8,Responsible rehabilitation professional information,Cmplx,Pt,Alcohol-substance abuse rehabilitation treatment plan,Set,,ATTACH.REHAB.ABUSE,"Alcohol-substance abuse rehabilitation treatment plan, Responsible rehabilitation professional information Set",
52092-4,Level of function,Cmplx,Pt,Alcohol-substance abuse rehabilitation treatment plan,Set,,ATTACH.REHAB.ABUSE,"Alcohol-substance abuse rehabilitation treatment plan, Level of function Set",
52095-7,Assessment information,Cmplx,Pt,Alcohol-substance abuse rehabilitation treatment plan,Set,,ATTACH.REHAB.ABUSE,"Alcohol-substance abuse rehabilitation treatment plan, Assessment information Set",
52099-9,Progress note+attainment of goals,Cmplx,Pt,Alcohol-substance abuse rehabilitation treatment plan,Set,,ATTACH.REHAB.ABUSE,Alcohol-substance abuse rehabilitation treatment plan Progress note and attainment of goals Set,
52103-9,Follow-up approach,Cmplx,Pt,Alcohol-substance abuse rehabilitation treatment plan,Set,,ATTACH.REHAB.ABUSE,"Alcohol-substance abuse rehabilitation treatment plan, Follow-up approach Set",
52137-7,Diagnosis.primary,Cmplx,Pt,Pulmonary therapy treatment,Set,,ATTACH.REHAB.PULM,"Pulmonary therapy treatment plan, Primary diagnosis Set",
52143-5,Author of treatment plan,Cmplx,Pt,Pulmonary therapy treatment plan,Set,,ATTACH.REHAB.PULM,"Pulmonary therapy treatment plan, Author of treatment plan Set",
52149-2,Referral information,Cmplx,Pt,Pulmonary therapy treatment plan,Set,,ATTACH.REHAB.PULM,"Pulmonary therapy treatment plan, Referral information Set",
52154-2,Responsible attending physician information,Cmplx,Pt,Pulmonary therapy treatment plan,Set,,ATTACH.REHAB.PULM,"Pulmonary therapy treatment plan, Responsible attending physician information Set",
52157-5,Responsible rehabilitation professional information,Cmplx,Pt,Pulmonary therapy treatment plan,Set,,ATTACH.REHAB.PULM,"Pulmonary therapy treatment plan, Responsible rehabilitation professional information Set",
52160-9,Medication administered,Cmplx,Pt,Pulmonary therapy treatment,Set,,ATTACH.REHAB.PULM,"Pulmonary therapy treatment plan, Medication administered Set",
52171-6,Level of function,Cmplx,Pt,Pulmonary therapy treatment plan,Set,,ATTACH.REHAB.PULM,"Pulmonary therapy treatment plan, Level of function Set",
52174-0,Assessment information,Cmplx,Pt,Pulmonary therapy treatment plan,Set,,ATTACH.REHAB.PULM,"Pulmonary therapy treatment plan, Assessment information Set",
52179-9,Progress note+attainment of goals,Cmplx,Pt,Pulmonary therapy treatment plan,Set,,ATTACH.REHAB.PULM,Pulmonary therapy treatment plan Progress note and attainment of goals Set,
52191-4,Referral information,Cmplx,Pt,Cardiac rehabilitation treatment plan,Set,,ATTACH.REHAB.CARDIAC,"Cardiac rehabilitation treatment plan, Referral information Set",
52196-3,Responsible attending physician information,Cmplx,Pt,Cardiac rehabilitation treatment plan,Set,,ATTACH.REHAB.CARDIAC,"Cardiac rehabilitation treatment plan, Responsible attending physician information Set",
52197-1,Responsible rehabilitation professional information,Cmplx,Pt,Cardiac rehabilitation treatment plan,Set,,ATTACH.REHAB.CARDIAC,"Cardiac rehabilitation treatment plan, Responsible rehabilitation professional information Set",
52204-5,Level of function,Cmplx,Pt,Cardiac rehabilitation treatment plan,Set,,ATTACH.REHAB.CARDIAC,"Cardiac rehabilitation treatment plan, Level of function Set",
52207-8,Assessment information,Cmplx,Pt,Cardiac rehabilitation treatment plan,Set,,ATTACH.REHAB.CARDIAC,"Cardiac rehabilitation treatment plan, Assessment information Set",
52214-4,Progress note+attainment of goals,Cmplx,Pt,Cardiac rehabilitation treatment plan,Set,,ATTACH.REHAB.CARDIAC,Cardiac rehabilitation treatment plan Progress note and attainment of goals Set,
52218-5,Referral information,Cmplx,Pt,Medical social services treatment plan,Set,,ATTACH.REHAB.SOCIAL,"Medical social services treatment plan, Referral information Set",
52223-5,Responsible attending physician information,Cmplx,Pt,Medical social services treatment plan,Set,,ATTACH.REHAB.SOCIAL,"Medical social services treatment plan, Responsible attending physician information Set",
52224-3,Responsible rehabilitation professional information,Cmplx,Pt,Medical social services treatment plan,Set,,ATTACH.REHAB.SOCIAL,"Medical social services treatment plan, Responsible rehabilitation professional information Set",
52231-8,Level of function,Cmplx,Pt,Medical social services treatment plan,Set,,ATTACH.REHAB.SOCIAL,"Medical social services treatment plan, Level of function Set",
52234-2,Assessment information,Cmplx,Pt,Medical social services treatment plan,Set,,ATTACH.REHAB.SOCIAL,"Medical social services treatment plan, Assessment information Set",
52241-7,Progress note+attainment of goals,Cmplx,Pt,Medical social services treatment plan,Set,,ATTACH.REHAB.SOCIAL,Medical social services treatment plan Progress note and attainment of goals Set,
52244-1,Referral information,Cmplx,Pt,Occupational therapy treatment plan,Set,,ATTACH.REHAB.OT,"Occupational therapy treatment plan, Referral information Set",
52248-2,Responsible attending physicican information,Cmplx,Pt,Occupational therapy treatment plan,Set,,ATTACH.REHAB.OT,"Occupational therapy treatment plan, Responsible attending physicican information Set",
52249-0,Responsible rehabilitation professional information,Cmplx,Pt,Occupational therapy treatment plan,Set,,ATTACH.REHAB.OT,"Occupational therapy treatment plan, Responsible rehabilitation professional information Set",
52255-7,Level of function,Cmplx,Pt,Occupational therapy treatment plan,Set,,ATTACH.REHAB.OT,"Occupational therapy treatment plan, Level of function Set",
52258-1,Assessment information,Cmplx,Pt,Occupational therapy treatment plan,Set,,ATTACH.REHAB.OT,"Occupational therapy treatment plan, Assessment information Set",
52265-6,Individual education plan information,Cmplx,Pt,Occupational therapy treatment plan,Set,,ATTACH.REHAB.OT,"Occupational therapy treatment plan, Individual education plan information Set",
52273-0,Referral information,Cmplx,Pt,Physical therapy treatment plan,Set,,ATTACH.REHAB.PT,"Physical therapy treatment plan, Referral information Set",
52278-9,Responsible attending physician information,Cmplx,Pt,Physical therapy treatment plan,Set,,ATTACH.REHAB.PT,"Physical therapy treatment plan, Responsible attending physician information Set",
52279-7,Responsible rehabilitation professional information,Cmplx,Pt,Physical therapy treatment plan,Set,,ATTACH.REHAB.PT,"Physical therapy treatment plan, Responsible rehabilitation professional information Set",
52286-2,Level of function,Cmplx,Pt,Physical therapy treatment plan,Set,,ATTACH.REHAB.PT,"Physical therapy treatment plan, Level of function Set",
52289-6,Assessment information,Cmplx,Pt,Physical therapy treatment plan,Set,,ATTACH.REHAB.PT,"Physical therapy treatment plan, Assessment information Set",
52296-1,Individual education plan information,Cmplx,Pt,Physical therapy treatment plan,Set,,ATTACH.REHAB.PT,"Physical therapy treatment plan, Individual education plan information Set",
52299-5,Progress note+attainment of goals,Cmplx,Pt,Physical therapy treatment plan,Set,,ATTACH.REHAB.PT,Physical therapy treatment plan Progress note and attainment of goals Set,
52304-3,Referral information,Cmplx,Pt,Psychiatric rehabilitation treatment plan,Set,,ATTACH.REHAB.PSYCH,"Psychiatric rehabilitation treatment plan, Referral information Set",
52310-0,Responsible attending physician information,Cmplx,Pt,Psychiatric rehabilitation treatment plan,Set,,ATTACH.REHAB.PSYCH,"Psychiatric rehabilitation treatment plan, Responsible attending physician information Set",
52311-8,Responsible rehabilitation professional information,Cmplx,Pt,Psychiatric rehabilitation treatment plan,Set,,ATTACH.REHAB.PSYCH,"Psychiatric rehabilitation treatment plan, Responsible rehabilitation professional information Set",
52320-9,Level of function,Cmplx,Pt,Psychiatric rehabilitation treatment plan,Set,,ATTACH.REHAB.PSYCH,"Psychiatric rehabilitation treatment plan, Level of function Set",
52323-3,Assessment information,Cmplx,Pt,Psychiatric rehabilitation treatment plan,Set,,ATTACH.REHAB.PSYCH,"Psychiatric rehabilitation treatment plan, Assessment information Set",
52331-6,Progress note+attainment of goals,Cmplx,Pt,Psychiatric rehabilitation treatment plan,Set,,ATTACH.REHAB.PSYCH,Psychiatric rehabilitation treatment plan Progress note and attainment of goals Set,
52335-7,Referral information,Cmplx,Pt,Respiratory therapy treatment plan,Set,,ATTACH.REHAB.RT,"Respiratory therapy treatment plan, Referral information Set",
52340-7,Responsible attending physician information,Cmplx,Pt,Respiratory therapy treatment plan,Set,,ATTACH.REHAB.RT,"Respiratory therapy treatment plan, Responsible attending physician information Set",
52341-5,Responsible rehabilitation professional information,Cmplx,Pt,Respiratory therapy treatment plan,Set,,ATTACH.REHAB.RT,"Respiratory therapy treatment plan, Responsible rehabilitation professional information Set",
52347-2,Level of function,Cmplx,Pt,Respiratory therapy treatment plan,Set,,ATTACH.REHAB.RT,"Respiratory therapy treatment plan, Level of function Set",
52350-6,Assessment information,Cmplx,Pt,Respiratory therapy treatment plan,Set,,ATTACH.REHAB.RT,"Respiratory therapy treatment plan, Assessment information Set",
52354-8,Progress note+attainment of goals,Cmplx,Pt,Respiratory therapy treatment plan,Set,,ATTACH.REHAB.RT,Respiratory therapy treatment plan Progress note and attainment of goals Set,
52358-9,Referral information,Cmplx,Pt,Skilled nursing treatment plan,Set,,ATTACH.REHAB.NURS,"Skilled nursing treatment plan, Referral information Set",
52363-9,Responsible attending physician information,Cmplx,Pt,Skilled nursing treatment plan,Set,,ATTACH.REHAB.NURS,"Skilled nursing treatment plan, Responsible attending physician information Set",
52364-7,Responsible rehabilitation professional information,Cmplx,Pt,Skilled nursing treatment plan,Set,,ATTACH.REHAB.NURS,"Skilled nursing treatment plan, Responsible rehabilitation professional information Set",
52371-2,Level of function,Cmplx,Pt,Skilled nursing treatment plan,Set,,ATTACH.REHAB.NURS,"Skilled nursing treatment plan, Level of function Set",
52374-6,Assessment information,Cmplx,Pt,Skilled nursing treatment plan,Set,,ATTACH.REHAB.NURS,"Skilled nursing treatment plan, Assessment information Set",
52382-9,Progress note+attainment of goals,Cmplx,Pt,Skilled nursing treatment plan,Set,,ATTACH.REHAB.NURS,Skilled nursing treatment plan Progress note and attainment of goals Set,
52385-2,Referral information,Cmplx,Pt,Speech therapy treatment plan,Set,,ATTACH.REHAB.SPEECH,"Speech therapy treatment plan, Referral information Set",
52390-2,Responsible attending physician information,Cmplx,Pt,Speech therapy treatment plan,Set,,ATTACH.REHAB.SPEECH,"Speech therapy treatment plan, Responsible attending physician information Set",
52391-0,Responsible rehabilitation professional information,Cmplx,Pt,Speech therapy treatment plan,Set,,ATTACH.REHAB.SPEECH,"Speech therapy treatment plan, Responsible rehabilitation professional information Set",
52398-5,Level of function,Cmplx,Pt,Speech therapy treatment plan,Set,,ATTACH.REHAB.SPEECH,"Speech therapy treatment plan, Level of function Set",
52407-4,Individual education plan information,Cmplx,Pt,Speech therapy treatment plan,Set,,ATTACH.REHAB.SPEECH,"Speech therapy treatment plan, Individual education plan information Set",
52410-8,Progress note+attainment of goals,Cmplx,Pt,Speech therapy treatment plan,Set,,ATTACH.REHAB.SPEECH,Speech therapy treatment plan Progress note and attainment of goals Set,
52412-4,Assessment information,Cmplx,Pt,Speech therapy treatment plan,Set,,ATTACH.REHAB.SPEECH,"Speech therapy treatment plan, Assessment information Set",
52415-7,Progress note+attainment of goals,Cmplx,Pt,Occupational therapy treatment plan,Set,,ATTACH.REHAB.OT,Occupational therapy treatment plan Progress note and attainment of goals Set,
52416-5,Body weight,Cmplx,Pt,^Patient,Set,,ATTACH,Body weight Set,
52417-3,Identifier,ID,Pt,Medication.current,Nom,,ATTACH.MEDS,"Current medication, Identifier",
52418-1,Name,ID,Pt,Medication.current,Nom,,ATTACH.MEDS,"Current medication, Name",
52419-9,Rate,VRat,Pt,Medication.current,Qn,,ATTACH.MEDS,"Current medication, Rate",
52420-7,Timing,TQ2,Pt,Medication.current,Qn,,ATTACH.MEDS,"Current medication, Timing",
52421-5,Name,ID,Pt,Medication.discharge,Nom,,ATTACH.MEDS,"Discharge medication, Name",
52422-3,Rate,VRat,Pt,Medication.discharge,Qn,,ATTACH.MEDS,"Discharge medication, Rate",
52423-1,Timing,TQ2,Pt,Medication.discharge,Qn,,ATTACH.MEDS,"Discharge medication, Timing",
52424-9,Identifier,ID,Pt,Medication.administered,Nom,,ATTACH.MEDS,"Administered medication, Identifier",
52425-6,Name,ID,Pt,Medication.administered,Nom,,ATTACH.MEDS,"Administered medication, Name",
52426-4,Rate,VRat,Pt,Medication.administered,Qn,,ATTACH.MEDS,"Administered medication, Rate",
52428-0,Identifier,ID,Pt,Medication.discharge,Nom,,ATTACH.MEDS,"Discharge medication, Identifier",
52810-9,Frequency,NRat,Pt,Medication.current,Qn,,ATTACH.MEDS,"Current medication, Frequency",
53033-7,Include all data of the selected type that represents observations made two Y or less before the starting date of service,Scope.modifier.time window,Pt,X12^277,-,,ATTACH.MODIFIER,Include all data of the selected type that represents observations made two years or less before the starting date of service,
74047-2,Periodontal procedure is related to orthodontic treatment plan,Find,Pt,Oral cavity,Ord,HL7.Attach,ATTACH.PERIODONTAL,Periodontal procedure is related to orthodontic treatment plan,
74048-0,Periodontal procedure is related to restorative treatment,Find,Pt,Oral cavity,Ord,HL7.Attach,ATTACH.PERIODONTAL,Periodontal procedure is related to restorative treatment,
81236-2,Send document that conforms to C-CDA R1.1 template,Scope.modifier.doc template,Pt,X12^277,-,,ATTACH.MODIFIER,Send document that conforms to C-CDA R1.1 template,
81237-0,Send document that conforms to C-CDA R2.1 template,Scope.modifier.doc template,Pt,X12^277,-,,ATTACH.MODIFIER,Send document that conforms to C-CDA R2.1 template,
81238-8,Send document that conforms to CDP Set 1 R1.0 template,Scope.modifier.doc template,Pt,X12^277,-,,ATTACH.MODIFIER,Send document that conforms to CDP Set 1 R1.0 template,
81239-6,Send document that conforms to CDP Set 1 R1.1 template,Scope.modifier.doc template,Pt,X12^277,-,,ATTACH.MODIFIER,Send document that conforms to CDP Set 1 R1.1 template,
81240-4,Document template attachment request modifier codes,-,Pt,X12^277,-,,PANEL.ATTACH.MOD,Document template attachment request modifier codes,
81907-8,Send document that conforms to C-CDA R2.0 template,Scope.modifier.doc template,Pt,X12^277,-,,ATTACH.MODIFIER,Send document that conforms to C-CDA R2.0 template,
86626-9,Send document that conforms to Level 3 EMS R2 template,Scope.modifier.doc template,Pt,X12^277,-,,ATTACH.MODIFIER,Send document that conforms to Level 3 EMS R2 template,
86627-7,Send document that conforms to Oncology Treatment Plan Summary R1.3 template,Scope.modifier.doc template,Pt,X12^277,-,,ATTACH.MODIFIER,Send document that conforms to Oncology Treatment Plan Summary R1.3 template,
86628-5,Send document that conforms to Oncology Treatment Plan Summary R1.2.1 template,Scope.modifier.doc template,Pt,X12^277,-,,ATTACH.MODIFIER,Send document that conforms to Oncology Treatment Plan Summary R1.2.1 template,
86629-3,Send document that conforms to Oncology Treatment Plan Summary R1.2 template,Scope.modifier.doc template,Pt,X12^277,-,,ATTACH.MODIFIER,Send document that conforms to Oncology Treatment Plan Summary R1.2 template,
86630-1,Send document that conforms to Level 3 EMS R1 template,Scope.modifier.doc template,Pt,X12^277,-,,ATTACH.MODIFIER,Send document that conforms to Level 3 EMS R1 template,
